model,n,ps,pd,h,b,w_self,T,steps_run,seed,init_mode,x0,noise,ndi_0,ndi_T,delta_ndi,island_sep_T
degroot,100,0.1,0.1,1.0,0.0,0.0,50,50,0,theorem,0.7,0.05,159.9999999999973,0.0,-159.9999999999973,0.0
degroot,100,0.1,0.1,1.0,0.0,0.0,50,50,1,theorem,0.7,0.05,159.9999999999973,0.0,-159.9999999999973,0.0
degroot,100,0.1,0.1,1.0,0.0,0.0,50,50,2,theorem,0.7,0.05,159.9999999999973,0.0,-159.9999999999973,0.0
degroot,100,0.1,0.1,1.0,0.0,0.0,50,50,3,theorem,0.7,0.05,159.9999999999973,0.0,-159.9999999999973,0.0
degroot,100,0.1,0.1,1.0,0.0,0.0,50,50,4,theorem,0.7,0.05,159.9999999999973,0.0,-159.9999999999973,0.0
degroot,100,0.1,0.1,1.0,0.0,0.0,50,50,5,theorem,0.7,0.05,159.9999999999973,0.0,-159.9999999999973,0.0
degroot,100,0.1,0.1,1.0,0.0,0.0,50,50,6,theorem,0.7,0.05,159.9999999999973,0.0,-159.9999999999973,0.0
degroot,100,0.1,0.1,1.0,0.0,0.0,50,50,7,theorem,0.7,0.05,159.9999999999973,0.0,-159.9999999999973,0.0
degroot,100,0.1,0.1,1.0,0.0,0.0,50,50,8,theorem,0.7,0.05,159.9999999999973,0.0,-159.9999999999973,0.0
degroot,100,0.1,0.1,1.0,0.0,0.0,50,50,9,theorem,0.7,0.05,159.9999999999973,0.0,-159.9999999999973,0.0
degroot,100,0.1,0.1,1.0,0.0,0.0,50,50,10,theorem,0.7,0.05,159.9999999999973,0.0,-159.9999999999973,0.0
degroot,100,0.1,0.1,1.0,0.0,0.0,50,50,11,theorem,0.7,0.05,159.9999999999973,0.0,-159.9999999999973,0.0
degroot,100,0.1,0.1,1.0,0.0,0.0,50,50,12,theorem,0.7,0.05,159.9999999999973,0.0,-159.9999999999973,0.0
degroot,100,0.1,0.1,1.0,0.0,0.0,50,50,13,theorem,0.7,0.05,159.9999999999973,0.0,-159.9999999999973,0.0
degroot,100,0.1,0.1,1.0,0.0,0.0,50,50,14,theorem,0.7,0.05,159.9999999999973,0.0,-159.9999999999973,0.0
degroot,100,0.1,0.1,1.0,0.0,0.0,50,50,15,theorem,0.7,0.05,159.9999999999973,0.0,-159.9999999999973,0.0
degroot,100,0.1,0.1,1.0,0.0,0.0,50,50,16,theorem,0.7,0.05,159.9999999999973,0.0,-159.9999999999973,0.0
degroot,100,0.1,0.1,1.0,0.0,0.0,50,50,17,theorem,0.7,0.05,159.9999999999973,0.0,-159.9999999999973,0.0
degroot,100,0.1,0.1,1.0,0.0,0.0,50,50,18,theorem,0.7,0.05,159.9999999999973,0.0,-159.9999999999973,0.0
degroot,100,0.1,0.1,1.0,0.0,0.0,50,50,19,theorem,0.7,0.05,159.9999999999973,0.0,-159.9999999999973,0.0
degroot,100,0.1,0.1,1.0,0.0,0.0,50,50,20,theorem,0.7,0.05,159.9999999999973,0.0,-159.9999999999973,0.0
degroot,100,0.1,0.1,1.0,0.0,0.0,50,50,21,theorem,0.7,0.05,159.9999999999973,0.0,-159.9999999999973,0.0
degroot,100,0.1,0.1,1.0,0.0,0.0,50,50,22,theorem,0.7,0.05,159.9999999999973,0.0,-159.9999999999973,0.0
degroot,100,0.1,0.1,1.0,0.0,0.0,50,50,23,theorem,0.7,0.05,159.9999999999973,0.0,-159.9999999999973,0.0
degroot,100,0.1,0.1,1.0,0.0,0.0,50,50,24,theorem,0.7,0.05,159.9999999999973,0.0,-159.9999999999973,0.0
degroot,100,0.1,0.1,1.0,0.0,0.0,50,50,25,theorem,0.7,0.05,159.9999999999973,0.0,-159.9999999999973,0.0
degroot,100,0.1,0.1,1.0,0.0,0.0,50,50,26,theorem,0.7,0.05,159.9999999999973,0.0,-159.9999999999973,0.0
degroot,100,0.1,0.1,1.0,0.0,0.0,50,50,27,theorem,0.7,0.05,159.9999999999973,0.0,-159.9999999999973,0.0
degroot,100,0.1,0.1,1.0,0.0,0.0,50,50,28,theorem,0.7,0.05,159.9999999999973,0.0,-159.9999999999973,0.0
degroot,100,0.1,0.1,1.0,0.0,0.0,50,50,29,theorem,0.7,0.05,159.9999999999973,0.0,-159.9999999999973,0.0
biased,100,0.1,0.1,1.0,0.5,0.0,50,50,30,theorem,0.7,0.05,159.9999999999973,1.9721522630525295e-28,-159.9999999999973,2.220446049250313e-16
biased,100,0.1,0.1,1.0,0.5,0.0,50,50,31,theorem,0.7,0.05,159.9999999999973,1.9721522630525295e-28,-159.9999999999973,2.220446049250313e-16
biased,100,0.1,0.1,1.0,0.5,0.0,50,50,32,theorem,0.7,0.05,159.9999999999973,1.9721522630525295e-28,-159.9999999999973,2.220446049250313e-16
biased,100,0.1,0.1,1.0,0.5,0.0,50,50,33,theorem,0.7,0.05,159.9999999999973,1.9721522630525295e-28,-159.9999999999973,2.220446049250313e-16
biased,100,0.1,0.1,1.0,0.5,0.0,50,50,34,theorem,0.7,0.05,159.9999999999973,1.9721522630525295e-28,-159.9999999999973,2.220446049250313e-16
biased,100,0.1,0.1,1.0,0.5,0.0,50,50,35,theorem,0.7,0.05,159.9999999999973,1.9721522630525295e-28,-159.9999999999973,2.220446049250313e-16
biased,100,0.1,0.1,1.0,0.5,0.0,50,50,36,theorem,0.7,0.05,159.9999999999973,1.9721522630525295e-28,-159.9999999999973,2.220446049250313e-16
biased,100,0.1,0.1,1.0,0.5,0.0,50,50,37,theorem,0.7,0.05,159.9999999999973,1.9721522630525295e-28,-159.9999999999973,2.220446049250313e-16
biased,100,0.1,0.1,1.0,0.5,0.0,50,50,38,theorem,0.7,0.05,159.9999999999973,1.9721522630525295e-28,-159.9999999999973,2.220446049250313e-16
biased,100,0.1,0.1,1.0,0.5,0.0,50,50,39,theorem,0.7,0.05,159.9999999999973,1.9721522630525295e-28,-159.9999999999973,2.220446049250313e-16
biased,100,0.1,0.1,1.0,0.5,0.0,50,50,40,theorem,0.7,0.05,159.9999999999973,1.9721522630525295e-28,-159.9999999999973,2.220446049250313e-16
biased,100,0.1,0.1,1.0,0.5,0.0,50,50,41,theorem,0.7,0.05,159.9999999999973,1.9721522630525295e-28,-159.9999999999973,2.220446049250313e-16
biased,100,0.1,0.1,1.0,0.5,0.0,50,50,42,theorem,0.7,0.05,159.9999999999973,1.9721522630525295e-28,-159.9999999999973,2.220446049250313e-16
biased,100,0.1,0.1,1.0,0.5,0.0,50,50,43,theorem,0.7,0.05,159.9999999999973,1.9721522630525295e-28,-159.9999999999973,2.220446049250313e-16
biased,100,0.1,0.1,1.0,0.5,0.0,50,50,44,theorem,0.7,0.05,159.9999999999973,1.9721522630525295e-28,-159.9999999999973,2.220446049250313e-16
biased,100,0.1,0.1,1.0,0.5,0.0,50,50,45,theorem,0.7,0.05,159.9999999999973,1.9721522630525295e-28,-159.9999999999973,2.220446049250313e-16
biased,100,0.1,0.1,1.0,0.5,0.0,50,50,46,theorem,0.7,0.05,159.9999999999973,1.9721522630525295e-28,-159.9999999999973,2.220446049250313e-16
biased,100,0.1,0.1,1.0,0.5,0.0,50,50,47,theorem,0.7,0.05,159.9999999999973,1.9721522630525295e-28,-159.9999999999973,2.220446049250313e-16
biased,100,0.1,0.1,1.0,0.5,0.0,50,50,48,theorem,0.7,0.05,159.9999999999973,1.9721522630525295e-28,-159.9999999999973,2.220446049250313e-16
biased,100,0.1,0.1,1.0,0.5,0.0,50,50,49,theorem,0.7,0.05,159.9999999999973,1.9721522630525295e-28,-159.9999999999973,2.220446049250313e-16
biased,100,0.1,0.1,1.0,0.5,0.0,50,50,50,theorem,0.7,0.05,159.9999999999973,1.9721522630525295e-28,-159.9999999999973,2.220446049250313e-16
biased,100,0.1,0.1,1.0,0.5,0.0,50,50,51,theorem,0.7,0.05,159.9999999999973,1.9721522630525295e-28,-159.9999999999973,2.220446049250313e-16
biased,100,0.1,0.1,1.0,0.5,0.0,50,50,52,theorem,0.7,0.05,159.9999999999973,1.9721522630525295e-28,-159.9999999999973,2.220446049250313e-16
biased,100,0.1,0.1,1.0,0.5,0.0,50,50,53,theorem,0.7,0.05,159.9999999999973,1.9721522630525295e-28,-159.9999999999973,2.220446049250313e-16
biased,100,0.1,0.1,1.0,0.5,0.0,50,50,54,theorem,0.7,0.05,159.9999999999973,1.9721522630525295e-28,-159.9999999999973,2.220446049250313e-16
biased,100,0.1,0.1,1.0,0.5,0.0,50,50,55,theorem,0.7,0.05,159.9999999999973,1.9721522630525295e-28,-159.9999999999973,2.220446049250313e-16
biased,100,0.1,0.1,1.0,0.5,0.0,50,50,56,theorem,0.7,0.05,159.9999999999973,1.9721522630525295e-28,-159.9999999999973,2.220446049250313e-16
biased,100,0.1,0.1,1.0,0.5,0.0,50,50,57,theorem,0.7,0.05,159.9999999999973,1.9721522630525295e-28,-159.9999999999973,2.220446049250313e-16
biased,100,0.1,0.1,1.0,0.5,0.0,50,50,58,theorem,0.7,0.05,159.9999999999973,1.9721522630525295e-28,-159.9999999999973,2.220446049250313e-16
biased,100,0.1,0.1,1.0,0.5,0.0,50,50,59,theorem,0.7,0.05,159.9999999999973,1.9721522630525295e-28,-159.9999999999973,2.220446049250313e-16
biased,100,0.1,0.1,1.0,0.8,0.0,50,50,60,theorem,0.7,0.05,159.9999999999973,3.656014383528111e-08,-159.99999996343715,6.0464984771302355e-06
biased,100,0.1,0.1,1.0,0.8,0.0,50,50,61,theorem,0.7,0.05,159.9999999999973,3.656014383528111e-08,-159.99999996343715,6.0464984771302355e-06
biased,100,0.1,0.1,1.0,0.8,0.0,50,50,62,theorem,0.7,0.05,159.9999999999973,3.656014383528111e-08,-159.99999996343715,6.0464984771302355e-06
biased,100,0.1,0.1,1.0,0.8,0.0,50,50,63,theorem,0.7,0.05,159.9999999999973,3.656014383528111e-08,-159.99999996343715,6.0464984771302355e-06
biased,100,0.1,0.1,1.0,0.8,0.0,50,50,64,theorem,0.7,0.05,159.9999999999973,3.656014383528111e-08,-159.99999996343715,6.0464984771302355e-06
biased,100,0.1,0.1,1.0,0.8,0.0,50,50,65,theorem,0.7,0.05,159.9999999999973,3.656014383528111e-08,-159.99999996343715,6.0464984771302355e-06
biased,100,0.1,0.1,1.0,0.8,0.0,50,50,66,theorem,0.7,0.05,159.9999999999973,3.656014383528111e-08,-159.99999996343715,6.0464984771302355e-06
biased,100,0.1,0.1,1.0,0.8,0.0,50,50,67,theorem,0.7,0.05,159.9999999999973,3.656014383528111e-08,-159.99999996343715,6.0464984771302355e-06
biased,100,0.1,0.1,1.0,0.8,0.0,50,50,68,theorem,0.7,0.05,159.9999999999973,3.656014383528111e-08,-159.99999996343715,6.0464984771302355e-06
biased,100,0.1,0.1,1.0,0.8,0.0,50,50,69,theorem,0.7,0.05,159.9999999999973,3.656014383528111e-08,-159.99999996343715,6.0464984771302355e-06
biased,100,0.1,0.1,1.0,0.8,0.0,50,50,70,theorem,0.7,0.05,159.9999999999973,3.656014383528111e-08,-159.99999996343715,6.0464984771302355e-06
biased,100,0.1,0.1,1.0,0.8,0.0,50,50,71,theorem,0.7,0.05,159.9999999999973,3.656014383528111e-08,-159.99999996343715,6.0464984771302355e-06
biased,100,0.1,0.1,1.0,0.8,0.0,50,50,72,theorem,0.7,0.05,159.9999999999973,3.656014383528111e-08,-159.99999996343715,6.0464984771302355e-06
biased,100,0.1,0.1,1.0,0.8,0.0,50,50,73,theorem,0.7,0.05,159.9999999999973,3.656014383528111e-08,-159.99999996343715,6.0464984771302355e-06
biased,100,0.1,0.1,1.0,0.8,0.0,50,50,74,theorem,0.7,0.05,159.9999999999973,3.656014383528111e-08,-159.99999996343715,6.0464984771302355e-06
biased,100,0.1,0.1,1.0,0.8,0.0,50,50,75,theorem,0.7,0.05,159.9999999999973,3.656014383528111e-08,-159.99999996343715,6.0464984771302355e-06
biased,100,0.1,0.1,1.0,0.8,0.0,50,50,76,theorem,0.7,0.05,159.9999999999973,3.656014383528111e-08,-159.99999996343715,6.0464984771302355e-06
biased,100,0.1,0.1,1.0,0.8,0.0,50,50,77,theorem,0.7,0.05,159.9999999999973,3.656014383528111e-08,-159.99999996343715,6.0464984771302355e-06
biased,100,0.1,0.1,1.0,0.8,0.0,50,50,78,theorem,0.7,0.05,159.9999999999973,3.656014383528111e-08,-159.99999996343715,6.0464984771302355e-06
biased,100,0.1,0.1,1.0,0.8,0.0,50,50,79,theorem,0.7,0.05,159.9999999999973,3.656014383528111e-08,-159.99999996343715,6.0464984771302355e-06
biased,100,0.1,0.1,1.0,0.8,0.0,50,50,80,theorem,0.7,0.05,159.9999999999973,3.656014383528111e-08,-159.99999996343715,6.0464984771302355e-06
biased,100,0.1,0.1,1.0,0.8,0.0,50,50,81,theorem,0.7,0.05,159.9999999999973,3.656014383528111e-08,-159.99999996343715,6.0464984771302355e-06
biased,100,0.1,0.1,1.0,0.8,0.0,50,50,82,theorem,0.7,0.05,159.9999999999973,3.656014383528111e-08,-159.99999996343715,6.0464984771302355e-06
biased,100,0.1,0.1,1.0,0.8,0.0,50,50,83,theorem,0.7,0.05,159.9999999999973,3.656014383528111e-08,-159.99999996343715,6.0464984771302355e-06
biased,100,0.1,0.1,1.0,0.8,0.0,50,50,84,theorem,0.7,0.05,159.9999999999973,3.656014383528111e-08,-159.99999996343715,6.0464984771302355e-06
biased,100,0.1,0.1,1.0,0.8,0.0,50,50,85,theorem,0.7,0.05,159.9999999999973,3.656014383528111e-08,-159.99999996343715,6.0464984771302355e-06
biased,100,0.1,0.1,1.0,0.8,0.0,50,50,86,theorem,0.7,0.05,159.9999999999973,3.656014383528111e-08,-159.99999996343715,6.0464984771302355e-06
biased,100,0.1,0.1,1.0,0.8,0.0,50,50,87,theorem,0.7,0.05,159.9999999999973,3.656014383528111e-08,-159.99999996343715,6.0464984771302355e-06
biased,100,0.1,0.1,1.0,0.8,0.0,50,50,88,theorem,0.7,0.05,159.9999999999973,3.656014383528111e-08,-159.99999996343715,6.0464984771302355e-06
biased,100,0.1,0.1,1.0,0.8,0.0,50,50,89,theorem,0.7,0.05,159.9999999999973,3.656014383528111e-08,-159.99999996343715,6.0464984771302355e-06
biased,100,0.1,0.1,1.0,1.0,0.0,50,50,90,theorem,0.7,0.05,159.9999999999973,159.9866558616613,-0.013344138336009337,0.3999833194792748
biased,100,0.1,0.1,1.0,1.0,0.0,50,50,91,theorem,0.7,0.05,159.9999999999973,159.9866558616613,-0.013344138336009337,0.3999833194792748
biased,100,0.1,0.1,1.0,1.0,0.0,50,50,92,theorem,0.7,0.05,159.9999999999973,159.9866558616613,-0.013344138336009337,0.3999833194792748
biased,100,0.1,0.1,1.0,1.0,0.0,50,50,93,theorem,0.7,0.05,159.9999999999973,159.9866558616613,-0.013344138336009337,0.3999833194792748
biased,100,0.1,0.1,1.0,1.0,0.0,50,50,94,theorem,0.7,0.05,159.9999999999973,159.9866558616613,-0.013344138336009337,0.3999833194792748
biased,100,0.1,0.1,1.0,1.0,0.0,50,50,95,theorem,0.7,0.05,159.9999999999973,159.9866558616613,-0.013344138336009337,0.3999833194792748
biased,100,0.1,0.1,1.0,1.0,0.0,50,50,96,theorem,0.7,0.05,159.9999999999973,159.9866558616613,-0.013344138336009337,0.3999833194792748
biased,100,0.1,0.1,1.0,1.0,0.0,50,50,97,theorem,0.7,0.05,159.9999999999973,159.9866558616613,-0.013344138336009337,0.3999833194792748
biased,100,0.1,0.1,1.0,1.0,0.0,50,50,98,theorem,0.7,0.05,159.9999999999973,159.9866558616613,-0.013344138336009337,0.3999833194792748
biased,100,0.1,0.1,1.0,1.0,0.0,50,50,99,theorem,0.7,0.05,159.9999999999973,159.9866558616613,-0.013344138336009337,0.3999833194792748
biased,100,0.1,0.1,1.0,1.0,0.0,50,50,100,theorem,0.7,0.05,159.9999999999973,159.9866558616613,-0.013344138336009337,0.3999833194792748
biased,100,0.1,0.1,1.0,1.0,0.0,50,50,101,theorem,0.7,0.05,159.9999999999973,159.9866558616613,-0.013344138336009337,0.3999833194792748
biased,100,0.1,0.1,1.0,1.0,0.0,50,50,102,theorem,0.7,0.05,159.9999999999973,159.9866558616613,-0.013344138336009337,0.3999833194792748
biased,100,0.1,0.1,1.0,1.0,0.0,50,50,103,theorem,0.7,0.05,159.9999999999973,159.9866558616613,-0.013344138336009337,0.3999833194792748
biased,100,0.1,0.1,1.0,1.0,0.0,50,50,104,theorem,0.7,0.05,159.9999999999973,159.9866558616613,-0.013344138336009337,0.3999833194792748
biased,100,0.1,0.1,1.0,1.0,0.0,50,50,105,theorem,0.7,0.05,159.9999999999973,159.9866558616613,-0.013344138336009337,0.3999833194792748
biased,100,0.1,0.1,1.0,1.0,0.0,50,50,106,theorem,0.7,0.05,159.9999999999973,159.9866558616613,-0.013344138336009337,0.3999833194792748
biased,100,0.1,0.1,1.0,1.0,0.0,50,50,107,theorem,0.7,0.05,159.9999999999973,159.9866558616613,-0.013344138336009337,0.3999833194792748
biased,100,0.1,0.1,1.0,1.0,0.0,50,50,108,theorem,0.7,0.05,159.9999999999973,159.9866558616613,-0.013344138336009337,0.3999833194792748
biased,100,0.1,0.1,1.0,1.0,0.0,50,50,109,theorem,0.7,0.05,159.9999999999973,159.9866558616613,-0.013344138336009337,0.3999833194792748
biased,100,0.1,0.1,1.0,1.0,0.0,50,50,110,theorem,0.7,0.05,159.9999999999973,159.9866558616613,-0.013344138336009337,0.3999833194792748
biased,100,0.1,0.1,1.0,1.0,0.0,50,50,111,theorem,0.7,0.05,159.9999999999973,159.9866558616613,-0.013344138336009337,0.3999833194792748
biased,100,0.1,0.1,1.0,1.0,0.0,50,50,112,theorem,0.7,0.05,159.9999999999973,159.9866558616613,-0.013344138336009337,0.3999833194792748
biased,100,0.1,0.1,1.0,1.0,0.0,50,50,113,theorem,0.7,0.05,159.9999999999973,159.9866558616613,-0.013344138336009337,0.3999833194792748
biased,100,0.1,0.1,1.0,1.0,0.0,50,50,114,theorem,0.7,0.05,159.9999999999973,159.9866558616613,-0.013344138336009337,0.3999833194792748
biased,100,0.1,0.1,1.0,1.0,0.0,50,50,115,theorem,0.7,0.05,159.9999999999973,159.9866558616613,-0.013344138336009337,0.3999833194792748
biased,100,0.1,0.1,1.0,1.0,0.0,50,50,116,theorem,0.7,0.05,159.9999999999973,159.9866558616613,-0.013344138336009337,0.3999833194792748
biased,100,0.1,0.1,1.0,1.0,0.0,50,50,117,theorem,0.7,0.05,159.9999999999973,159.9866558616613,-0.013344138336009337,0.3999833194792748
biased,100,0.1,0.1,1.0,1.0,0.0,50,50,118,theorem,0.7,0.05,159.9999999999973,159.9866558616613,-0.013344138336009337,0.3999833194792748
biased,100,0.1,0.1,1.0,1.0,0.0,50,50,119,theorem,0.7,0.05,159.9999999999973,159.9866558616613,-0.013344138336009337,0.3999833194792748
biased,100,0.1,0.1,1.0,1.2,0.0,50,50,120,theorem,0.7,0.05,159.9999999999973,1000.0,840.0000000000027,1.0
biased,100,0.1,0.1,1.0,1.2,0.0,50,50,121,theorem,0.7,0.05,159.9999999999973,1000.0,840.0000000000027,1.0
biased,100,0.1,0.1,1.0,1.2,0.0,50,50,122,theorem,0.7,0.05,159.9999999999973,1000.0,840.0000000000027,1.0
biased,100,0.1,0.1,1.0,1.2,0.0,50,50,123,theorem,0.7,0.05,159.9999999999973,1000.0,840.0000000000027,1.0
biased,100,0.1,0.1,1.0,1.2,0.0,50,50,124,theorem,0.7,0.05,159.9999999999973,1000.0,840.0000000000027,1.0
biased,100,0.1,0.1,1.0,1.2,0.0,50,50,125,theorem,0.7,0.05,159.9999999999973,1000.0,840.0000000000027,1.0
biased,100,0.1,0.1,1.0,1.2,0.0,50,50,126,theorem,0.7,0.05,159.9999999999973,1000.0,840.0000000000027,1.0
biased,100,0.1,0.1,1.0,1.2,0.0,50,50,127,theorem,0.7,0.05,159.9999999999973,1000.0,840.0000000000027,1.0
biased,100,0.1,0.1,1.0,1.2,0.0,50,50,128,theorem,0.7,0.05,159.9999999999973,1000.0,840.0000000000027,1.0
biased,100,0.1,0.1,1.0,1.2,0.0,50,50,129,theorem,0.7,0.05,159.9999999999973,1000.0,840.0000000000027,1.0
biased,100,0.1,0.1,1.0,1.2,0.0,50,50,130,theorem,0.7,0.05,159.9999999999973,1000.0,840.0000000000027,1.0
biased,100,0.1,0.1,1.0,1.2,0.0,50,50,131,theorem,0.7,0.05,159.9999999999973,1000.0,840.0000000000027,1.0
biased,100,0.1,0.1,1.0,1.2,0.0,50,50,132,theorem,0.7,0.05,159.9999999999973,1000.0,840.0000000000027,1.0
biased,100,0.1,0.1,1.0,1.2,0.0,50,50,133,theorem,0.7,0.05,159.9999999999973,1000.0,840.0000000000027,1.0
biased,100,0.1,0.1,1.0,1.2,0.0,50,50,134,theorem,0.7,0.05,159.9999999999973,1000.0,840.0000000000027,1.0
biased,100,0.1,0.1,1.0,1.2,0.0,50,50,135,theorem,0.7,0.05,159.9999999999973,1000.0,840.0000000000027,1.0
biased,100,0.1,0.1,1.0,1.2,0.0,50,50,136,theorem,0.7,0.05,159.9999999999973,1000.0,840.0000000000027,1.0
biased,100,0.1,0.1,1.0,1.2,0.0,50,50,137,theorem,0.7,0.05,159.9999999999973,1000.0,840.0000000000027,1.0
biased,100,0.1,0.1,1.0,1.2,0.0,50,50,138,theorem,0.7,0.05,159.9999999999973,1000.0,840.0000000000027,1.0
biased,100,0.1,0.1,1.0,1.2,0.0,50,50,139,theorem,0.7,0.05,159.9999999999973,1000.0,840.0000000000027,1.0
biased,100,0.1,0.1,1.0,1.2,0.0,50,50,140,theorem,0.7,0.05,159.9999999999973,1000.0,840.0000000000027,1.0
biased,100,0.1,0.1,1.0,1.2,0.0,50,50,141,theorem,0.7,0.05,159.9999999999973,1000.0,840.0000000000027,1.0
biased,100,0.1,0.1,1.0,1.2,0.0,50,50,142,theorem,0.7,0.05,159.9999999999973,1000.0,840.0000000000027,1.0
biased,100,0.1,0.1,1.0,1.2,0.0,50,50,143,theorem,0.7,0.05,159.9999999999973,1000.0,840.0000000000027,1.0
biased,100,0.1,0.1,1.0,1.2,0.0,50,50,144,theorem,0.7,0.05,159.9999999999973,1000.0,840.0000000000027,1.0
biased,100,0.1,0.1,1.0,1.2,0.0,50,50,145,theorem,0.7,0.05,159.9999999999973,1000.0,840.0000000000027,1.0
biased,100,0.1,0.1,1.0,1.2,0.0,50,50,146,theorem,0.7,0.05,159.9999999999973,1000.0,840.0000000000027,1.0
biased,100,0.1,0.1,1.0,1.2,0.0,50,50,147,theorem,0.7,0.05,159.9999999999973,1000.0,840.0000000000027,1.0
biased,100,0.1,0.1,1.0,1.2,0.0,50,50,148,theorem,0.7,0.05,159.9999999999973,1000.0,840.0000000000027,1.0
biased,100,0.1,0.1,1.0,1.2,0.0,50,50,149,theorem,0.7,0.05,159.9999999999973,1000.0,840.0000000000027,1.0
degroot,100,0.2,0.1,2.0,0.0,0.0,50,50,150,theorem,0.7,0.05,159.9999999999973,0.0,-159.9999999999973,0.0
degroot,100,0.2,0.1,2.0,0.0,0.0,50,50,151,theorem,0.7,0.05,159.9999999999973,0.0,-159.9999999999973,0.0
degroot,100,0.2,0.1,2.0,0.0,0.0,50,50,152,theorem,0.7,0.05,159.9999999999973,0.0,-159.9999999999973,0.0
degroot,100,0.2,0.1,2.0,0.0,0.0,50,50,153,theorem,0.7,0.05,159.9999999999973,0.0,-159.9999999999973,0.0
degroot,100,0.2,0.1,2.0,0.0,0.0,50,50,154,theorem,0.7,0.05,159.9999999999973,0.0,-159.9999999999973,0.0
degroot,100,0.2,0.1,2.0,0.0,0.0,50,50,155,theorem,0.7,0.05,159.9999999999973,0.0,-159.9999999999973,0.0
degroot,100,0.2,0.1,2.0,0.0,0.0,50,50,156,theorem,0.7,0.05,159.9999999999973,0.0,-159.9999999999973,0.0
degroot,100,0.2,0.1,2.0,0.0,0.0,50,50,157,theorem,0.7,0.05,159.9999999999973,0.0,-159.9999999999973,0.0
degroot,100,0.2,0.1,2.0,0.0,0.0,50,50,158,theorem,0.7,0.05,159.9999999999973,0.0,-159.9999999999973,0.0
degroot,100,0.2,0.1,2.0,0.0,0.0,50,50,159,theorem,0.7,0.05,159.9999999999973,0.0,-159.9999999999973,0.0
degroot,100,0.2,0.1,2.0,0.0,0.0,50,50,160,theorem,0.7,0.05,159.9999999999973,0.0,-159.9999999999973,0.0
degroot,100,0.2,0.1,2.0,0.0,0.0,50,50,161,theorem,0.7,0.05,159.9999999999973,0.0,-159.9999999999973,0.0
degroot,100,0.2,0.1,2.0,0.0,0.0,50,50,162,theorem,0.7,0.05,159.9999999999973,0.0,-159.9999999999973,0.0
degroot,100,0.2,0.1,2.0,0.0,0.0,50,50,163,theorem,0.7,0.05,159.9999999999973,0.0,-159.9999999999973,0.0
degroot,100,0.2,0.1,2.0,0.0,0.0,50,50,164,theorem,0.7,0.05,159.9999999999973,0.0,-159.9999999999973,0.0
degroot,100,0.2,0.1,2.0,0.0,0.0,50,50,165,theorem,0.7,0.05,159.9999999999973,0.0,-159.9999999999973,0.0
degroot,100,0.2,0.1,2.0,0.0,0.0,50,50,166,theorem,0.7,0.05,159.9999999999973,0.0,-159.9999999999973,0.0
degroot,100,0.2,0.1,2.0,0.0,0.0,50,50,167,theorem,0.7,0.05,159.9999999999973,0.0,-159.9999999999973,0.0
degroot,100,0.2,0.1,2.0,0.0,0.0,50,50,168,theorem,0.7,0.05,159.9999999999973,0.0,-159.9999999999973,0.0
degroot,100,0.2,0.1,2.0,0.0,0.0,50,50,169,theorem,0.7,0.05,159.9999999999973,0.0,-159.9999999999973,0.0
degroot,100,0.2,0.1,2.0,0.0,0.0,50,50,170,theorem,0.7,0.05,159.9999999999973,0.0,-159.9999999999973,0.0
degroot,100,0.2,0.1,2.0,0.0,0.0,50,50,171,theorem,0.7,0.05,159.9999999999973,0.0,-159.9999999999973,0.0
degroot,100,0.2,0.1,2.0,0.0,0.0,50,50,172,theorem,0.7,0.05,159.9999999999973,0.0,-159.9999999999973,0.0
degroot,100,0.2,0.1,2.0,0.0,0.0,50,50,173,theorem,0.7,0.05,159.9999999999973,0.0,-159.9999999999973,0.0
degroot,100,0.2,0.1,2.0,0.0,0.0,50,50,174,theorem,0.7,0.05,159.9999999999973,0.0,-159.9999999999973,0.0
degroot,100,0.2,0.1,2.0,0.0,0.0,50,50,175,theorem,0.7,0.05,159.9999999999973,0.0,-159.9999999999973,0.0
degroot,100,0.2,0.1,2.0,0.0,0.0,50,50,176,theorem,0.7,0.05,159.9999999999973,0.0,-159.9999999999973,0.0
degroot,100,0.2,0.1,2.0,0.0,0.0,50,50,177,theorem,0.7,0.05,159.9999999999973,0.0,-159.9999999999973,0.0
degroot,100,0.2,0.1,2.0,0.0,0.0,50,50,178,theorem,0.7,0.05,159.9999999999973,0.0,-159.9999999999973,0.0
degroot,100,0.2,0.1,2.0,0.0,0.0,50,50,179,theorem,0.7,0.05,159.9999999999973,0.0,-159.9999999999973,0.0
biased,100,0.2,0.1,2.0,0.5,0.0,50,50,180,theorem,0.7,0.05,159.9999999999973,1.9059690535855519e-06,-159.99999809402826,4.3657405484176515e-05
biased,100,0.2,0.1,2.0,0.5,0.0,50,50,181,theorem,0.7,0.05,159.9999999999973,1.9059690535855519e-06,-159.99999809402826,4.3657405484176515e-05
biased,100,0.2,0.1,2.0,0.5,0.0,50,50,182,theorem,0.7,0.05,159.9999999999973,1.9059690535855519e-06,-159.99999809402826,4.3657405484176515e-05
biased,100,0.2,0.1,2.0,0.5,0.0,50,50,183,theorem,0.7,0.05,159.9999999999973,1.9059690535855519e-06,-159.99999809402826,4.3657405484176515e-05
biased,100,0.2,0.1,2.0,0.5,0.0,50,50,184,theorem,0.7,0.05,159.9999999999973,1.9059690535855519e-06,-159.99999809402826,4.3657405484176515e-05
biased,100,0.2,0.1,2.0,0.5,0.0,50,50,185,theorem,0.7,0.05,159.9999999999973,1.9059690535855519e-06,-159.99999809402826,4.3657405484176515e-05
biased,100,0.2,0.1,2.0,0.5,0.0,50,50,186,theorem,0.7,0.05,159.9999999999973,1.9059690535855519e-06,-159.99999809402826,4.3657405484176515e-05
biased,100,0.2,0.1,2.0,0.5,0.0,50,50,187,theorem,0.7,0.05,159.9999999999973,1.9059690535855519e-06,-159.99999809402826,4.3657405484176515e-05
biased,100,0.2,0.1,2.0,0.5,0.0,50,50,188,theorem,0.7,0.05,159.9999999999973,1.9059690535855519e-06,-159.99999809402826,4.3657405484176515e-05
biased,100,0.2,0.1,2.0,0.5,0.0,50,50,189,theorem,0.7,0.05,159.9999999999973,1.9059690535855519e-06,-159.99999809402826,4.3657405484176515e-05
biased,100,0.2,0.1,2.0,0.5,0.0,50,50,190,theorem,0.7,0.05,159.9999999999973,1.9059690535855519e-06,-159.99999809402826,4.3657405484176515e-05
biased,100,0.2,0.1,2.0,0.5,0.0,50,50,191,theorem,0.7,0.05,159.9999999999973,1.9059690535855519e-06,-159.99999809402826,4.3657405484176515e-05
biased,100,0.2,0.1,2.0,0.5,0.0,50,50,192,theorem,0.7,0.05,159.9999999999973,1.9059690535855519e-06,-159.99999809402826,4.3657405484176515e-05
biased,100,0.2,0.1,2.0,0.5,0.0,50,50,193,theorem,0.7,0.05,159.9999999999973,1.9059690535855519e-06,-159.99999809402826,4.3657405484176515e-05
biased,100,0.2,0.1,2.0,0.5,0.0,50,50,194,theorem,0.7,0.05,159.9999999999973,1.9059690535855519e-06,-159.99999809402826,4.3657405484176515e-05
biased,100,0.2,0.1,2.0,0.5,0.0,50,50,195,theorem,0.7,0.05,159.9999999999973,1.9059690535855519e-06,-159.99999809402826,4.3657405484176515e-05
biased,100,0.2,0.1,2.0,0.5,0.0,50,50,196,theorem,0.7,0.05,159.9999999999973,1.9059690535855519e-06,-159.99999809402826,4.3657405484176515e-05
biased,100,0.2,0.1,2.0,0.5,0.0,50,50,197,theorem,0.7,0.05,159.9999999999973,1.9059690535855519e-06,-159.99999809402826,4.3657405484176515e-05
biased,100,0.2,0.1,2.0,0.5,0.0,50,50,198,theorem,0.7,0.05,159.9999999999973,1.9059690535855519e-06,-159.99999809402826,4.3657405484176515e-05
biased,100,0.2,0.1,2.0,0.5,0.0,50,50,199,theorem,0.7,0.05,159.9999999999973,1.9059690535855519e-06,-159.99999809402826,4.3657405484176515e-05
biased,100,0.2,0.1,2.0,0.5,0.0,50,50,200,theorem,0.7,0.05,159.9999999999973,1.9059690535855519e-06,-159.99999809402826,4.3657405484176515e-05
biased,100,0.2,0.1,2.0,0.5,0.0,50,50,201,theorem,0.7,0.05,159.9999999999973,1.9059690535855519e-06,-159.99999809402826,4.3657405484176515e-05
biased,100,0.2,0.1,2.0,0.5,0.0,50,50,202,theorem,0.7,0.05,159.9999999999973,1.9059690535855519e-06,-159.99999809402826,4.3657405484176515e-05
biased,100,0.2,0.1,2.0,0.5,0.0,50,50,203,theorem,0.7,0.05,159.9999999999973,1.9059690535855519e-06,-159.99999809402826,4.3657405484176515e-05
biased,100,0.2,0.1,2.0,0.5,0.0,50,50,204,theorem,0.7,0.05,159.9999999999973,1.9059690535855519e-06,-159.99999809402826,4.3657405484176515e-05
biased,100,0.2,0.1,2.0,0.5,0.0,50,50,205,theorem,0.7,0.05,159.9999999999973,1.9059690535855519e-06,-159.99999809402826,4.3657405484176515e-05
biased,100,0.2,0.1,2.0,0.5,0.0,50,50,206,theorem,0.7,0.05,159.9999999999973,1.9059690535855519e-06,-159.99999809402826,4.3657405484176515e-05
biased,100,0.2,0.1,2.0,0.5,0.0,50,50,207,theorem,0.7,0.05,159.9999999999973,1.9059690535855519e-06,-159.99999809402826,4.3657405484176515e-05
biased,100,0.2,0.1,2.0,0.5,0.0,50,50,208,theorem,0.7,0.05,159.9999999999973,1.9059690535855519e-06,-159.99999809402826,4.3657405484176515e-05
biased,100,0.2,0.1,2.0,0.5,0.0,50,50,209,theorem,0.7,0.05,159.9999999999973,1.9059690535855519e-06,-159.99999809402826,4.3657405484176515e-05
biased,100,0.2,0.1,2.0,0.8,0.0,50,50,210,theorem,0.7,0.05,159.9999999999973,844.0656709125542,684.0656709125569,0.9187304669556566
biased,100,0.2,0.1,2.0,0.8,0.0,50,50,211,theorem,0.7,0.05,159.9999999999973,844.0656709125542,684.0656709125569,0.9187304669556566
biased,100,0.2,0.1,2.0,0.8,0.0,50,50,212,theorem,0.7,0.05,159.9999999999973,844.0656709125542,684.0656709125569,0.9187304669556566
biased,100,0.2,0.1,2.0,0.8,0.0,50,50,213,theorem,0.7,0.05,159.9999999999973,844.0656709125542,684.0656709125569,0.9187304669556566
biased,100,0.2,0.1,2.0,0.8,0.0,50,50,214,theorem,0.7,0.05,159.9999999999973,844.0656709125542,684.0656709125569,0.9187304669556566
biased,100,0.2,0.1,2.0,0.8,0.0,50,50,215,theorem,0.7,0.05,159.9999999999973,844.0656709125542,684.0656709125569,0.9187304669556566
biased,100,0.2,0.1,2.0,0.8,0.0,50,50,216,theorem,0.7,0.05,159.9999999999973,844.0656709125542,684.0656709125569,0.9187304669556566
biased,100,0.2,0.1,2.0,0.8,0.0,50,50,217,theorem,0.7,0.05,159.9999999999973,844.0656709125542,684.0656709125569,0.9187304669556566
biased,100,0.2,0.1,2.0,0.8,0.0,50,50,218,theorem,0.7,0.05,159.9999999999973,844.0656709125542,684.0656709125569,0.9187304669556566
biased,100,0.2,0.1,2.0,0.8,0.0,50,50,219,theorem,0.7,0.05,159.9999999999973,844.0656709125542,684.0656709125569,0.9187304669556566
biased,100,0.2,0.1,2.0,0.8,0.0,50,50,220,theorem,0.7,0.05,159.9999999999973,844.0656709125542,684.0656709125569,0.9187304669556566
biased,100,0.2,0.1,2.0,0.8,0.0,50,50,221,theorem,0.7,0.05,159.9999999999973,844.0656709125542,684.0656709125569,0.9187304669556566
biased,100,0.2,0.1,2.0,0.8,0.0,50,50,222,theorem,0.7,0.05,159.9999999999973,844.0656709125542,684.0656709125569,0.9187304669556566
biased,100,0.2,0.1,2.0,0.8,0.0,50,50,223,theorem,0.7,0.05,159.9999999999973,844.0656709125542,684.0656709125569,0.9187304669556566
biased,100,0.2,0.1,2.0,0.8,0.0,50,50,224,theorem,0.7,0.05,159.9999999999973,844.0656709125542,684.0656709125569,0.9187304669556566
biased,100,0.2,0.1,2.0,0.8,0.0,50,50,225,theorem,0.7,0.05,159.9999999999973,844.0656709125542,684.0656709125569,0.9187304669556566
biased,100,0.2,0.1,2.0,0.8,0.0,50,50,226,theorem,0.7,0.05,159.9999999999973,844.0656709125542,684.0656709125569,0.9187304669556566
biased,100,0.2,0.1,2.0,0.8,0.0,50,50,227,theorem,0.7,0.05,159.9999999999973,844.0656709125542,684.0656709125569,0.9187304669556566
biased,100,0.2,0.1,2.0,0.8,0.0,50,50,228,theorem,0.7,0.05,159.9999999999973,844.0656709125542,684.0656709125569,0.9187304669556566
biased,100,0.2,0.1,2.0,0.8,0.0,50,50,229,theorem,0.7,0.05,159.9999999999973,844.0656709125542,684.0656709125569,0.9187304669556566
biased,100,0.2,0.1,2.0,0.8,0.0,50,50,230,theorem,0.7,0.05,159.9999999999973,844.0656709125542,684.0656709125569,0.9187304669556566
biased,100,0.2,0.1,2.0,0.8,0.0,50,50,231,theorem,0.7,0.05,159.9999999999973,844.0656709125542,684.0656709125569,0.9187304669556566
biased,100,0.2,0.1,2.0,0.8,0.0,50,50,232,theorem,0.7,0.05,159.9999999999973,844.0656709125542,684.0656709125569,0.9187304669556566
biased,100,0.2,0.1,2.0,0.8,0.0,50,50,233,theorem,0.7,0.05,159.9999999999973,844.0656709125542,684.0656709125569,0.9187304669556566
biased,100,0.2,0.1,2.0,0.8,0.0,50,50,234,theorem,0.7,0.05,159.9999999999973,844.0656709125542,684.0656709125569,0.9187304669556566
biased,100,0.2,0.1,2.0,0.8,0.0,50,50,235,theorem,0.7,0.05,159.9999999999973,844.0656709125542,684.0656709125569,0.9187304669556566
biased,100,0.2,0.1,2.0,0.8,0.0,50,50,236,theorem,0.7,0.05,159.9999999999973,844.0656709125542,684.0656709125569,0.9187304669556566
biased,100,0.2,0.1,2.0,0.8,0.0,50,50,237,theorem,0.7,0.05,159.9999999999973,844.0656709125542,684.0656709125569,0.9187304669556566
biased,100,0.2,0.1,2.0,0.8,0.0,50,50,238,theorem,0.7,0.05,159.9999999999973,844.0656709125542,684.0656709125569,0.9187304669556566
biased,100,0.2,0.1,2.0,0.8,0.0,50,50,239,theorem,0.7,0.05,159.9999999999973,844.0656709125542,684.0656709125569,0.9187304669556566
biased,100,0.2,0.1,2.0,1.0,0.0,50,50,240,theorem,0.7,0.05,159.9999999999973,999.9999999999995,840.0000000000023,0.9999999999999979
biased,100,0.2,0.1,2.0,1.0,0.0,50,50,241,theorem,0.7,0.05,159.9999999999973,999.9999999999995,840.0000000000023,0.9999999999999979
biased,100,0.2,0.1,2.0,1.0,0.0,50,50,242,theorem,0.7,0.05,159.9999999999973,999.9999999999995,840.0000000000023,0.9999999999999979
biased,100,0.2,0.1,2.0,1.0,0.0,50,50,243,theorem,0.7,0.05,159.9999999999973,999.9999999999995,840.0000000000023,0.9999999999999979
biased,100,0.2,0.1,2.0,1.0,0.0,50,50,244,theorem,0.7,0.05,159.9999999999973,999.9999999999995,840.0000000000023,0.9999999999999979
biased,100,0.2,0.1,2.0,1.0,0.0,50,50,245,theorem,0.7,0.05,159.9999999999973,999.9999999999995,840.0000000000023,0.9999999999999979
biased,100,0.2,0.1,2.0,1.0,0.0,50,50,246,theorem,0.7,0.05,159.9999999999973,999.9999999999995,840.0000000000023,0.9999999999999979
biased,100,0.2,0.1,2.0,1.0,0.0,50,50,247,theorem,0.7,0.05,159.9999999999973,999.9999999999995,840.0000000000023,0.9999999999999979
biased,100,0.2,0.1,2.0,1.0,0.0,50,50,248,theorem,0.7,0.05,159.9999999999973,999.9999999999995,840.0000000000023,0.9999999999999979
biased,100,0.2,0.1,2.0,1.0,0.0,50,50,249,theorem,0.7,0.05,159.9999999999973,999.9999999999995,840.0000000000023,0.9999999999999979
biased,100,0.2,0.1,2.0,1.0,0.0,50,50,250,theorem,0.7,0.05,159.9999999999973,999.9999999999995,840.0000000000023,0.9999999999999979
biased,100,0.2,0.1,2.0,1.0,0.0,50,50,251,theorem,0.7,0.05,159.9999999999973,999.9999999999995,840.0000000000023,0.9999999999999979
biased,100,0.2,0.1,2.0,1.0,0.0,50,50,252,theorem,0.7,0.05,159.9999999999973,999.9999999999995,840.0000000000023,0.9999999999999979
biased,100,0.2,0.1,2.0,1.0,0.0,50,50,253,theorem,0.7,0.05,159.9999999999973,999.9999999999995,840.0000000000023,0.9999999999999979
biased,100,0.2,0.1,2.0,1.0,0.0,50,50,254,theorem,0.7,0.05,159.9999999999973,999.9999999999995,840.0000000000023,0.9999999999999979
biased,100,0.2,0.1,2.0,1.0,0.0,50,50,255,theorem,0.7,0.05,159.9999999999973,999.9999999999995,840.0000000000023,0.9999999999999979
biased,100,0.2,0.1,2.0,1.0,0.0,50,50,256,theorem,0.7,0.05,159.9999999999973,999.9999999999995,840.0000000000023,0.9999999999999979
biased,100,0.2,0.1,2.0,1.0,0.0,50,50,257,theorem,0.7,0.05,159.9999999999973,999.9999999999995,840.0000000000023,0.9999999999999979
biased,100,0.2,0.1,2.0,1.0,0.0,50,50,258,theorem,0.7,0.05,159.9999999999973,999.9999999999995,840.0000000000023,0.9999999999999979
biased,100,0.2,0.1,2.0,1.0,0.0,50,50,259,theorem,0.7,0.05,159.9999999999973,999.9999999999995,840.0000000000023,0.9999999999999979
biased,100,0.2,0.1,2.0,1.0,0.0,50,50,260,theorem,0.7,0.05,159.9999999999973,999.9999999999995,840.0000000000023,0.9999999999999979
biased,100,0.2,0.1,2.0,1.0,0.0,50,50,261,theorem,0.7,0.05,159.9999999999973,999.9999999999995,840.0000000000023,0.9999999999999979
biased,100,0.2,0.1,2.0,1.0,0.0,50,50,262,theorem,0.7,0.05,159.9999999999973,999.9999999999995,840.0000000000023,0.9999999999999979
biased,100,0.2,0.1,2.0,1.0,0.0,50,50,263,theorem,0.7,0.05,159.9999999999973,999.9999999999995,840.0000000000023,0.9999999999999979
biased,100,0.2,0.1,2.0,1.0,0.0,50,50,264,theorem,0.7,0.05,159.9999999999973,999.9999999999995,840.0000000000023,0.9999999999999979
biased,100,0.2,0.1,2.0,1.0,0.0,50,50,265,theorem,0.7,0.05,159.9999999999973,999.9999999999995,840.0000000000023,0.9999999999999979
biased,100,0.2,0.1,2.0,1.0,0.0,50,50,266,theorem,0.7,0.05,159.9999999999973,999.9999999999995,840.0000000000023,0.9999999999999979
biased,100,0.2,0.1,2.0,1.0,0.0,50,50,267,theorem,0.7,0.05,159.9999999999973,999.9999999999995,840.0000000000023,0.9999999999999979
biased,100,0.2,0.1,2.0,1.0,0.0,50,50,268,theorem,0.7,0.05,159.9999999999973,999.9999999999995,840.0000000000023,0.9999999999999979
biased,100,0.2,0.1,2.0,1.0,0.0,50,50,269,theorem,0.7,0.05,159.9999999999973,999.9999999999995,840.0000000000023,0.9999999999999979
biased,100,0.2,0.1,2.0,1.2,0.0,50,50,270,theorem,0.7,0.05,159.9999999999973,1000.0,840.0000000000027,1.0
biased,100,0.2,0.1,2.0,1.2,0.0,50,50,271,theorem,0.7,0.05,159.9999999999973,1000.0,840.0000000000027,1.0
biased,100,0.2,0.1,2.0,1.2,0.0,50,50,272,theorem,0.7,0.05,159.9999999999973,1000.0,840.0000000000027,1.0
biased,100,0.2,0.1,2.0,1.2,0.0,50,50,273,theorem,0.7,0.05,159.9999999999973,1000.0,840.0000000000027,1.0
biased,100,0.2,0.1,2.0,1.2,0.0,50,50,274,theorem,0.7,0.05,159.9999999999973,1000.0,840.0000000000027,1.0
biased,100,0.2,0.1,2.0,1.2,0.0,50,50,275,theorem,0.7,0.05,159.9999999999973,1000.0,840.0000000000027,1.0
biased,100,0.2,0.1,2.0,1.2,0.0,50,50,276,theorem,0.7,0.05,159.9999999999973,1000.0,840.0000000000027,1.0
biased,100,0.2,0.1,2.0,1.2,0.0,50,50,277,theorem,0.7,0.05,159.9999999999973,1000.0,840.0000000000027,1.0
biased,100,0.2,0.1,2.0,1.2,0.0,50,50,278,theorem,0.7,0.05,159.9999999999973,1000.0,840.0000000000027,1.0
biased,100,0.2,0.1,2.0,1.2,0.0,50,50,279,theorem,0.7,0.05,159.9999999999973,1000.0,840.0000000000027,1.0
biased,100,0.2,0.1,2.0,1.2,0.0,50,50,280,theorem,0.7,0.05,159.9999999999973,1000.0,840.0000000000027,1.0
biased,100,0.2,0.1,2.0,1.2,0.0,50,50,281,theorem,0.7,0.05,159.9999999999973,1000.0,840.0000000000027,1.0
biased,100,0.2,0.1,2.0,1.2,0.0,50,50,282,theorem,0.7,0.05,159.9999999999973,1000.0,840.0000000000027,1.0
biased,100,0.2,0.1,2.0,1.2,0.0,50,50,283,theorem,0.7,0.05,159.9999999999973,1000.0,840.0000000000027,1.0
biased,100,0.2,0.1,2.0,1.2,0.0,50,50,284,theorem,0.7,0.05,159.9999999999973,1000.0,840.0000000000027,1.0
biased,100,0.2,0.1,2.0,1.2,0.0,50,50,285,theorem,0.7,0.05,159.9999999999973,1000.0,840.0000000000027,1.0
biased,100,0.2,0.1,2.0,1.2,0.0,50,50,286,theorem,0.7,0.05,159.9999999999973,1000.0,840.0000000000027,1.0
biased,100,0.2,0.1,2.0,1.2,0.0,50,50,287,theorem,0.7,0.05,159.9999999999973,1000.0,840.0000000000027,1.0
biased,100,0.2,0.1,2.0,1.2,0.0,50,50,288,theorem,0.7,0.05,159.9999999999973,1000.0,840.0000000000027,1.0
biased,100,0.2,0.1,2.0,1.2,0.0,50,50,289,theorem,0.7,0.05,159.9999999999973,1000.0,840.0000000000027,1.0
biased,100,0.2,0.1,2.0,1.2,0.0,50,50,290,theorem,0.7,0.05,159.9999999999973,1000.0,840.0000000000027,1.0
biased,100,0.2,0.1,2.0,1.2,0.0,50,50,291,theorem,0.7,0.05,159.9999999999973,1000.0,840.0000000000027,1.0
biased,100,0.2,0.1,2.0,1.2,0.0,50,50,292,theorem,0.7,0.05,159.9999999999973,1000.0,840.0000000000027,1.0
biased,100,0.2,0.1,2.0,1.2,0.0,50,50,293,theorem,0.7,0.05,159.9999999999973,1000.0,840.0000000000027,1.0
biased,100,0.2,0.1,2.0,1.2,0.0,50,50,294,theorem,0.7,0.05,159.9999999999973,1000.0,840.0000000000027,1.0
biased,100,0.2,0.1,2.0,1.2,0.0,50,50,295,theorem,0.7,0.05,159.9999999999973,1000.0,840.0000000000027,1.0
biased,100,0.2,0.1,2.0,1.2,0.0,50,50,296,theorem,0.7,0.05,159.9999999999973,1000.0,840.0000000000027,1.0
biased,100,0.2,0.1,2.0,1.2,0.0,50,50,297,theorem,0.7,0.05,159.9999999999973,1000.0,840.0000000000027,1.0
biased,100,0.2,0.1,2.0,1.2,0.0,50,50,298,theorem,0.7,0.05,159.9999999999973,1000.0,840.0000000000027,1.0
biased,100,0.2,0.1,2.0,1.2,0.0,50,50,299,theorem,0.7,0.05,159.9999999999973,1000.0,840.0000000000027,1.0
degroot,100,0.4,0.1,4.0,0.0,0.0,50,50,300,theorem,0.7,0.05,159.9999999999973,1.0452450384609681e-20,-159.9999999999973,3.2328584254059933e-12
degroot,100,0.4,0.1,4.0,0.0,0.0,50,50,301,theorem,0.7,0.05,159.9999999999973,1.0452450384609681e-20,-159.9999999999973,3.2328584254059933e-12
degroot,100,0.4,0.1,4.0,0.0,0.0,50,50,302,theorem,0.7,0.05,159.9999999999973,1.0452450384609681e-20,-159.9999999999973,3.2328584254059933e-12
degroot,100,0.4,0.1,4.0,0.0,0.0,50,50,303,theorem,0.7,0.05,159.9999999999973,1.0452450384609681e-20,-159.9999999999973,3.2328584254059933e-12
degroot,100,0.4,0.1,4.0,0.0,0.0,50,50,304,theorem,0.7,0.05,159.9999999999973,1.0452450384609681e-20,-159.9999999999973,3.2328584254059933e-12
degroot,100,0.4,0.1,4.0,0.0,0.0,50,50,305,theorem,0.7,0.05,159.9999999999973,1.0452450384609681e-20,-159.9999999999973,3.2328584254059933e-12
degroot,100,0.4,0.1,4.0,0.0,0.0,50,50,306,theorem,0.7,0.05,159.9999999999973,1.0452450384609681e-20,-159.9999999999973,3.2328584254059933e-12
degroot,100,0.4,0.1,4.0,0.0,0.0,50,50,307,theorem,0.7,0.05,159.9999999999973,1.0452450384609681e-20,-159.9999999999973,3.2328584254059933e-12
degroot,100,0.4,0.1,4.0,0.0,0.0,50,50,308,theorem,0.7,0.05,159.9999999999973,1.0452450384609681e-20,-159.9999999999973,3.2328584254059933e-12
degroot,100,0.4,0.1,4.0,0.0,0.0,50,50,309,theorem,0.7,0.05,159.9999999999973,1.0452450384609681e-20,-159.9999999999973,3.2328584254059933e-12
degroot,100,0.4,0.1,4.0,0.0,0.0,50,50,310,theorem,0.7,0.05,159.9999999999973,1.0452450384609681e-20,-159.9999999999973,3.2328584254059933e-12
degroot,100,0.4,0.1,4.0,0.0,0.0,50,50,311,theorem,0.7,0.05,159.9999999999973,1.0452450384609681e-20,-159.9999999999973,3.2328584254059933e-12
degroot,100,0.4,0.1,4.0,0.0,0.0,50,50,312,theorem,0.7,0.05,159.9999999999973,1.0452450384609681e-20,-159.9999999999973,3.2328584254059933e-12
degroot,100,0.4,0.1,4.0,0.0,0.0,50,50,313,theorem,0.7,0.05,159.9999999999973,1.0452450384609681e-20,-159.9999999999973,3.2328584254059933e-12
degroot,100,0.4,0.1,4.0,0.0,0.0,50,50,314,theorem,0.7,0.05,159.9999999999973,1.0452450384609681e-20,-159.9999999999973,3.2328584254059933e-12
degroot,100,0.4,0.1,4.0,0.0,0.0,50,50,315,theorem,0.7,0.05,159.9999999999973,1.0452450384609681e-20,-159.9999999999973,3.2328584254059933e-12
degroot,100,0.4,0.1,4.0,0.0,0.0,50,50,316,theorem,0.7,0.05,159.9999999999973,1.0452450384609681e-20,-159.9999999999973,3.2328584254059933e-12
degroot,100,0.4,0.1,4.0,0.0,0.0,50,50,317,theorem,0.7,0.05,159.9999999999973,1.0452450384609681e-20,-159.9999999999973,3.2328584254059933e-12
degroot,100,0.4,0.1,4.0,0.0,0.0,50,50,318,theorem,0.7,0.05,159.9999999999973,1.0452450384609681e-20,-159.9999999999973,3.2328584254059933e-12
degroot,100,0.4,0.1,4.0,0.0,0.0,50,50,319,theorem,0.7,0.05,159.9999999999973,1.0452450384609681e-20,-159.9999999999973,3.2328584254059933e-12
degroot,100,0.4,0.1,4.0,0.0,0.0,50,50,320,theorem,0.7,0.05,159.9999999999973,1.0452450384609681e-20,-159.9999999999973,3.2328584254059933e-12
degroot,100,0.4,0.1,4.0,0.0,0.0,50,50,321,theorem,0.7,0.05,159.9999999999973,1.0452450384609681e-20,-159.9999999999973,3.2328584254059933e-12
degroot,100,0.4,0.1,4.0,0.0,0.0,50,50,322,theorem,0.7,0.05,159.9999999999973,1.0452450384609681e-20,-159.9999999999973,3.2328584254059933e-12
degroot,100,0.4,0.1,4.0,0.0,0.0,50,50,323,theorem,0.7,0.05,159.9999999999973,1.0452450384609681e-20,-159.9999999999973,3.2328584254059933e-12
degroot,100,0.4,0.1,4.0,0.0,0.0,50,50,324,theorem,0.7,0.05,159.9999999999973,1.0452450384609681e-20,-159.9999999999973,3.2328584254059933e-12
degroot,100,0.4,0.1,4.0,0.0,0.0,50,50,325,theorem,0.7,0.05,159.9999999999973,1.0452450384609681e-20,-159.9999999999973,3.2328584254059933e-12
degroot,100,0.4,0.1,4.0,0.0,0.0,50,50,326,theorem,0.7,0.05,159.9999999999973,1.0452450384609681e-20,-159.9999999999973,3.2328584254059933e-12
degroot,100,0.4,0.1,4.0,0.0,0.0,50,50,327,theorem,0.7,0.05,159.9999999999973,1.0452450384609681e-20,-159.9999999999973,3.2328584254059933e-12
degroot,100,0.4,0.1,4.0,0.0,0.0,50,50,328,theorem,0.7,0.05,159.9999999999973,1.0452450384609681e-20,-159.9999999999973,3.2328584254059933e-12
degroot,100,0.4,0.1,4.0,0.0,0.0,50,50,329,theorem,0.7,0.05,159.9999999999973,1.0452450384609681e-20,-159.9999999999973,3.2328584254059933e-12
biased,100,0.4,0.1,4.0,0.5,0.0,50,50,330,theorem,0.7,0.05,159.9999999999973,555.4218218068163,395.421821806819,0.7452662757745134
biased,100,0.4,0.1,4.0,0.5,0.0,50,50,331,theorem,0.7,0.05,159.9999999999973,555.4218218068163,395.421821806819,0.7452662757745134
biased,100,0.4,0.1,4.0,0.5,0.0,50,50,332,theorem,0.7,0.05,159.9999999999973,555.4218218068163,395.421821806819,0.7452662757745134
biased,100,0.4,0.1,4.0,0.5,0.0,50,50,333,theorem,0.7,0.05,159.9999999999973,555.4218218068163,395.421821806819,0.7452662757745134
biased,100,0.4,0.1,4.0,0.5,0.0,50,50,334,theorem,0.7,0.05,159.9999999999973,555.4218218068163,395.421821806819,0.7452662757745134
biased,100,0.4,0.1,4.0,0.5,0.0,50,50,335,theorem,0.7,0.05,159.9999999999973,555.4218218068163,395.421821806819,0.7452662757745134
biased,100,0.4,0.1,4.0,0.5,0.0,50,50,336,theorem,0.7,0.05,159.9999999999973,555.4218218068163,395.421821806819,0.7452662757745134
biased,100,0.4,0.1,4.0,0.5,0.0,50,50,337,theorem,0.7,0.05,159.9999999999973,555.4218218068163,395.421821806819,0.7452662757745134
biased,100,0.4,0.1,4.0,0.5,0.0,50,50,338,theorem,0.7,0.05,159.9999999999973,555.4218218068163,395.421821806819,0.7452662757745134
biased,100,0.4,0.1,4.0,0.5,0.0,50,50,339,theorem,0.7,0.05,159.9999999999973,555.4218218068163,395.421821806819,0.7452662757745134
biased,100,0.4,0.1,4.0,0.5,0.0,50,50,340,theorem,0.7,0.05,159.9999999999973,555.4218218068163,395.421821806819,0.7452662757745134
biased,100,0.4,0.1,4.0,0.5,0.0,50,50,341,theorem,0.7,0.05,159.9999999999973,555.4218218068163,395.421821806819,0.7452662757745134
biased,100,0.4,0.1,4.0,0.5,0.0,50,50,342,theorem,0.7,0.05,159.9999999999973,555.4218218068163,395.421821806819,0.7452662757745134
biased,100,0.4,0.1,4.0,0.5,0.0,50,50,343,theorem,0.7,0.05,159.9999999999973,555.4218218068163,395.421821806819,0.7452662757745134
biased,100,0.4,0.1,4.0,0.5,0.0,50,50,344,theorem,0.7,0.05,159.9999999999973,555.4218218068163,395.421821806819,0.7452662757745134
biased,100,0.4,0.1,4.0,0.5,0.0,50,50,345,theorem,0.7,0.05,159.9999999999973,555.4218218068163,395.421821806819,0.7452662757745134
biased,100,0.4,0.1,4.0,0.5,0.0,50,50,346,theorem,0.7,0.05,159.9999999999973,555.4218218068163,395.421821806819,0.7452662757745134
biased,100,0.4,0.1,4.0,0.5,0.0,50,50,347,theorem,0.7,0.05,159.9999999999973,555.4218218068163,395.421821806819,0.7452662757745134
biased,100,0.4,0.1,4.0,0.5,0.0,50,50,348,theorem,0.7,0.05,159.9999999999973,555.4218218068163,395.421821806819,0.7452662757745134
biased,100,0.4,0.1,4.0,0.5,0.0,50,50,349,theorem,0.7,0.05,159.9999999999973,555.4218218068163,395.421821806819,0.7452662757745134
biased,100,0.4,0.1,4.0,0.5,0.0,50,50,350,theorem,0.7,0.05,159.9999999999973,555.4218218068163,395.421821806819,0.7452662757745134
biased,100,0.4,0.1,4.0,0.5,0.0,50,50,351,theorem,0.7,0.05,159.9999999999973,555.4218218068163,395.421821806819,0.7452662757745134
biased,100,0.4,0.1,4.0,0.5,0.0,50,50,352,theorem,0.7,0.05,159.9999999999973,555.4218218068163,395.421821806819,0.7452662757745134
biased,100,0.4,0.1,4.0,0.5,0.0,50,50,353,theorem,0.7,0.05,159.9999999999973,555.4218218068163,395.421821806819,0.7452662757745134
biased,100,0.4,0.1,4.0,0.5,0.0,50,50,354,theorem,0.7,0.05,159.9999999999973,555.4218218068163,395.421821806819,0.7452662757745134
biased,100,0.4,0.1,4.0,0.5,0.0,50,50,355,theorem,0.7,0.05,159.9999999999973,555.4218218068163,395.421821806819,0.7452662757745134
biased,100,0.4,0.1,4.0,0.5,0.0,50,50,356,theorem,0.7,0.05,159.9999999999973,555.4218218068163,395.421821806819,0.7452662757745134
biased,100,0.4,0.1,4.0,0.5,0.0,50,50,357,theorem,0.7,0.05,159.9999999999973,555.4218218068163,395.421821806819,0.7452662757745134
biased,100,0.4,0.1,4.0,0.5,0.0,50,50,358,theorem,0.7,0.05,159.9999999999973,555.4218218068163,395.421821806819,0.7452662757745134
biased,100,0.4,0.1,4.0,0.5,0.0,50,50,359,theorem,0.7,0.05,159.9999999999973,555.4218218068163,395.421821806819,0.7452662757745134
biased,100,0.4,0.1,4.0,0.8,0.0,50,50,360,theorem,0.7,0.05,159.9999999999973,996.0274078566728,836.0274078566755,0.9980117273142025
biased,100,0.4,0.1,4.0,0.8,0.0,50,50,361,theorem,0.7,0.05,159.9999999999973,996.0274078566728,836.0274078566755,0.9980117273142025
biased,100,0.4,0.1,4.0,0.8,0.0,50,50,362,theorem,0.7,0.05,159.9999999999973,996.0274078566728,836.0274078566755,0.9980117273142025
biased,100,0.4,0.1,4.0,0.8,0.0,50,50,363,theorem,0.7,0.05,159.9999999999973,996.0274078566728,836.0274078566755,0.9980117273142025
biased,100,0.4,0.1,4.0,0.8,0.0,50,50,364,theorem,0.7,0.05,159.9999999999973,996.0274078566728,836.0274078566755,0.9980117273142025
biased,100,0.4,0.1,4.0,0.8,0.0,50,50,365,theorem,0.7,0.05,159.9999999999973,996.0274078566728,836.0274078566755,0.9980117273142025
biased,100,0.4,0.1,4.0,0.8,0.0,50,50,366,theorem,0.7,0.05,159.9999999999973,996.0274078566728,836.0274078566755,0.9980117273142025
biased,100,0.4,0.1,4.0,0.8,0.0,50,50,367,theorem,0.7,0.05,159.9999999999973,996.0274078566728,836.0274078566755,0.9980117273142025
biased,100,0.4,0.1,4.0,0.8,0.0,50,50,368,theorem,0.7,0.05,159.9999999999973,996.0274078566728,836.0274078566755,0.9980117273142025
biased,100,0.4,0.1,4.0,0.8,0.0,50,50,369,theorem,0.7,0.05,159.9999999999973,996.0274078566728,836.0274078566755,0.9980117273142025
biased,100,0.4,0.1,4.0,0.8,0.0,50,50,370,theorem,0.7,0.05,159.9999999999973,996.0274078566728,836.0274078566755,0.9980117273142025
biased,100,0.4,0.1,4.0,0.8,0.0,50,50,371,theorem,0.7,0.05,159.9999999999973,996.0274078566728,836.0274078566755,0.9980117273142025
biased,100,0.4,0.1,4.0,0.8,0.0,50,50,372,theorem,0.7,0.05,159.9999999999973,996.0274078566728,836.0274078566755,0.9980117273142025
biased,100,0.4,0.1,4.0,0.8,0.0,50,50,373,theorem,0.7,0.05,159.9999999999973,996.0274078566728,836.0274078566755,0.9980117273142025
biased,100,0.4,0.1,4.0,0.8,0.0,50,50,374,theorem,0.7,0.05,159.9999999999973,996.0274078566728,836.0274078566755,0.9980117273142025
biased,100,0.4,0.1,4.0,0.8,0.0,50,50,375,theorem,0.7,0.05,159.9999999999973,996.0274078566728,836.0274078566755,0.9980117273142025
biased,100,0.4,0.1,4.0,0.8,0.0,50,50,376,theorem,0.7,0.05,159.9999999999973,996.0274078566728,836.0274078566755,0.9980117273142025
biased,100,0.4,0.1,4.0,0.8,0.0,50,50,377,theorem,0.7,0.05,159.9999999999973,996.0274078566728,836.0274078566755,0.9980117273142025
biased,100,0.4,0.1,4.0,0.8,0.0,50,50,378,theorem,0.7,0.05,159.9999999999973,996.0274078566728,836.0274078566755,0.9980117273142025
biased,100,0.4,0.1,4.0,0.8,0.0,50,50,379,theorem,0.7,0.05,159.9999999999973,996.0274078566728,836.0274078566755,0.9980117273142025
biased,100,0.4,0.1,4.0,0.8,0.0,50,50,380,theorem,0.7,0.05,159.9999999999973,996.0274078566728,836.0274078566755,0.9980117273142025
biased,100,0.4,0.1,4.0,0.8,0.0,50,50,381,theorem,0.7,0.05,159.9999999999973,996.0274078566728,836.0274078566755,0.9980117273142025
biased,100,0.4,0.1,4.0,0.8,0.0,50,50,382,theorem,0.7,0.05,159.9999999999973,996.0274078566728,836.0274078566755,0.9980117273142025
biased,100,0.4,0.1,4.0,0.8,0.0,50,50,383,theorem,0.7,0.05,159.9999999999973,996.0274078566728,836.0274078566755,0.9980117273142025
biased,100,0.4,0.1,4.0,0.8,0.0,50,50,384,theorem,0.7,0.05,159.9999999999973,996.0274078566728,836.0274078566755,0.9980117273142025
biased,100,0.4,0.1,4.0,0.8,0.0,50,50,385,theorem,0.7,0.05,159.9999999999973,996.0274078566728,836.0274078566755,0.9980117273142025
biased,100,0.4,0.1,4.0,0.8,0.0,50,50,386,theorem,0.7,0.05,159.9999999999973,996.0274078566728,836.0274078566755,0.9980117273142025
biased,100,0.4,0.1,4.0,0.8,0.0,50,50,387,theorem,0.7,0.05,159.9999999999973,996.0274078566728,836.0274078566755,0.9980117273142025
biased,100,0.4,0.1,4.0,0.8,0.0,50,50,388,theorem,0.7,0.05,159.9999999999973,996.0274078566728,836.0274078566755,0.9980117273142025
biased,100,0.4,0.1,4.0,0.8,0.0,50,50,389,theorem,0.7,0.05,159.9999999999973,996.0274078566728,836.0274078566755,0.9980117273142025
biased,100,0.4,0.1,4.0,1.0,0.0,50,50,390,theorem,0.7,0.05,159.9999999999973,1000.0,840.0000000000027,1.0
biased,100,0.4,0.1,4.0,1.0,0.0,50,50,391,theorem,0.7,0.05,159.9999999999973,1000.0,840.0000000000027,1.0
biased,100,0.4,0.1,4.0,1.0,0.0,50,50,392,theorem,0.7,0.05,159.9999999999973,1000.0,840.0000000000027,1.0
biased,100,0.4,0.1,4.0,1.0,0.0,50,50,393,theorem,0.7,0.05,159.9999999999973,1000.0,840.0000000000027,1.0
biased,100,0.4,0.1,4.0,1.0,0.0,50,50,394,theorem,0.7,0.05,159.9999999999973,1000.0,840.0000000000027,1.0
biased,100,0.4,0.1,4.0,1.0,0.0,50,50,395,theorem,0.7,0.05,159.9999999999973,1000.0,840.0000000000027,1.0
biased,100,0.4,0.1,4.0,1.0,0.0,50,50,396,theorem,0.7,0.05,159.9999999999973,1000.0,840.0000000000027,1.0
biased,100,0.4,0.1,4.0,1.0,0.0,50,50,397,theorem,0.7,0.05,159.9999999999973,1000.0,840.0000000000027,1.0
biased,100,0.4,0.1,4.0,1.0,0.0,50,50,398,theorem,0.7,0.05,159.9999999999973,1000.0,840.0000000000027,1.0
biased,100,0.4,0.1,4.0,1.0,0.0,50,50,399,theorem,0.7,0.05,159.9999999999973,1000.0,840.0000000000027,1.0
biased,100,0.4,0.1,4.0,1.0,0.0,50,50,400,theorem,0.7,0.05,159.9999999999973,1000.0,840.0000000000027,1.0
biased,100,0.4,0.1,4.0,1.0,0.0,50,50,401,theorem,0.7,0.05,159.9999999999973,1000.0,840.0000000000027,1.0
biased,100,0.4,0.1,4.0,1.0,0.0,50,50,402,theorem,0.7,0.05,159.9999999999973,1000.0,840.0000000000027,1.0
biased,100,0.4,0.1,4.0,1.0,0.0,50,50,403,theorem,0.7,0.05,159.9999999999973,1000.0,840.0000000000027,1.0
biased,100,0.4,0.1,4.0,1.0,0.0,50,50,404,theorem,0.7,0.05,159.9999999999973,1000.0,840.0000000000027,1.0
biased,100,0.4,0.1,4.0,1.0,0.0,50,50,405,theorem,0.7,0.05,159.9999999999973,1000.0,840.0000000000027,1.0
biased,100,0.4,0.1,4.0,1.0,0.0,50,50,406,theorem,0.7,0.05,159.9999999999973,1000.0,840.0000000000027,1.0
biased,100,0.4,0.1,4.0,1.0,0.0,50,50,407,theorem,0.7,0.05,159.9999999999973,1000.0,840.0000000000027,1.0
biased,100,0.4,0.1,4.0,1.0,0.0,50,50,408,theorem,0.7,0.05,159.9999999999973,1000.0,840.0000000000027,1.0
biased,100,0.4,0.1,4.0,1.0,0.0,50,50,409,theorem,0.7,0.05,159.9999999999973,1000.0,840.0000000000027,1.0
biased,100,0.4,0.1,4.0,1.0,0.0,50,50,410,theorem,0.7,0.05,159.9999999999973,1000.0,840.0000000000027,1.0
biased,100,0.4,0.1,4.0,1.0,0.0,50,50,411,theorem,0.7,0.05,159.9999999999973,1000.0,840.0000000000027,1.0
biased,100,0.4,0.1,4.0,1.0,0.0,50,50,412,theorem,0.7,0.05,159.9999999999973,1000.0,840.0000000000027,1.0
biased,100,0.4,0.1,4.0,1.0,0.0,50,50,413,theorem,0.7,0.05,159.9999999999973,1000.0,840.0000000000027,1.0
biased,100,0.4,0.1,4.0,1.0,0.0,50,50,414,theorem,0.7,0.05,159.9999999999973,1000.0,840.0000000000027,1.0
biased,100,0.4,0.1,4.0,1.0,0.0,50,50,415,theorem,0.7,0.05,159.9999999999973,1000.0,840.0000000000027,1.0
biased,100,0.4,0.1,4.0,1.0,0.0,50,50,416,theorem,0.7,0.05,159.9999999999973,1000.0,840.0000000000027,1.0
biased,100,0.4,0.1,4.0,1.0,0.0,50,50,417,theorem,0.7,0.05,159.9999999999973,1000.0,840.0000000000027,1.0
biased,100,0.4,0.1,4.0,1.0,0.0,50,50,418,theorem,0.7,0.05,159.9999999999973,1000.0,840.0000000000027,1.0
biased,100,0.4,0.1,4.0,1.0,0.0,50,50,419,theorem,0.7,0.05,159.9999999999973,1000.0,840.0000000000027,1.0
biased,100,0.4,0.1,4.0,1.2,0.0,50,50,420,theorem,0.7,0.05,159.9999999999973,1000.0,840.0000000000027,1.0
biased,100,0.4,0.1,4.0,1.2,0.0,50,50,421,theorem,0.7,0.05,159.9999999999973,1000.0,840.0000000000027,1.0
biased,100,0.4,0.1,4.0,1.2,0.0,50,50,422,theorem,0.7,0.05,159.9999999999973,1000.0,840.0000000000027,1.0
biased,100,0.4,0.1,4.0,1.2,0.0,50,50,423,theorem,0.7,0.05,159.9999999999973,1000.0,840.0000000000027,1.0
biased,100,0.4,0.1,4.0,1.2,0.0,50,50,424,theorem,0.7,0.05,159.9999999999973,1000.0,840.0000000000027,1.0
biased,100,0.4,0.1,4.0,1.2,0.0,50,50,425,theorem,0.7,0.05,159.9999999999973,1000.0,840.0000000000027,1.0
biased,100,0.4,0.1,4.0,1.2,0.0,50,50,426,theorem,0.7,0.05,159.9999999999973,1000.0,840.0000000000027,1.0
biased,100,0.4,0.1,4.0,1.2,0.0,50,50,427,theorem,0.7,0.05,159.9999999999973,1000.0,840.0000000000027,1.0
biased,100,0.4,0.1,4.0,1.2,0.0,50,50,428,theorem,0.7,0.05,159.9999999999973,1000.0,840.0000000000027,1.0
biased,100,0.4,0.1,4.0,1.2,0.0,50,50,429,theorem,0.7,0.05,159.9999999999973,1000.0,840.0000000000027,1.0
biased,100,0.4,0.1,4.0,1.2,0.0,50,50,430,theorem,0.7,0.05,159.9999999999973,1000.0,840.0000000000027,1.0
biased,100,0.4,0.1,4.0,1.2,0.0,50,50,431,theorem,0.7,0.05,159.9999999999973,1000.0,840.0000000000027,1.0
biased,100,0.4,0.1,4.0,1.2,0.0,50,50,432,theorem,0.7,0.05,159.9999999999973,1000.0,840.0000000000027,1.0
biased,100,0.4,0.1,4.0,1.2,0.0,50,50,433,theorem,0.7,0.05,159.9999999999973,1000.0,840.0000000000027,1.0
biased,100,0.4,0.1,4.0,1.2,0.0,50,50,434,theorem,0.7,0.05,159.9999999999973,1000.0,840.0000000000027,1.0
biased,100,0.4,0.1,4.0,1.2,0.0,50,50,435,theorem,0.7,0.05,159.9999999999973,1000.0,840.0000000000027,1.0
biased,100,0.4,0.1,4.0,1.2,0.0,50,50,436,theorem,0.7,0.05,159.9999999999973,1000.0,840.0000000000027,1.0
biased,100,0.4,0.1,4.0,1.2,0.0,50,50,437,theorem,0.7,0.05,159.9999999999973,1000.0,840.0000000000027,1.0
biased,100,0.4,0.1,4.0,1.2,0.0,50,50,438,theorem,0.7,0.05,159.9999999999973,1000.0,840.0000000000027,1.0
biased,100,0.4,0.1,4.0,1.2,0.0,50,50,439,theorem,0.7,0.05,159.9999999999973,1000.0,840.0000000000027,1.0
biased,100,0.4,0.1,4.0,1.2,0.0,50,50,440,theorem,0.7,0.05,159.9999999999973,1000.0,840.0000000000027,1.0
biased,100,0.4,0.1,4.0,1.2,0.0,50,50,441,theorem,0.7,0.05,159.9999999999973,1000.0,840.0000000000027,1.0
biased,100,0.4,0.1,4.0,1.2,0.0,50,50,442,theorem,0.7,0.05,159.9999999999973,1000.0,840.0000000000027,1.0
biased,100,0.4,0.1,4.0,1.2,0.0,50,50,443,theorem,0.7,0.05,159.9999999999973,1000.0,840.0000000000027,1.0
biased,100,0.4,0.1,4.0,1.2,0.0,50,50,444,theorem,0.7,0.05,159.9999999999973,1000.0,840.0000000000027,1.0
biased,100,0.4,0.1,4.0,1.2,0.0,50,50,445,theorem,0.7,0.05,159.9999999999973,1000.0,840.0000000000027,1.0
biased,100,0.4,0.1,4.0,1.2,0.0,50,50,446,theorem,0.7,0.05,159.9999999999973,1000.0,840.0000000000027,1.0
biased,100,0.4,0.1,4.0,1.2,0.0,50,50,447,theorem,0.7,0.05,159.9999999999973,1000.0,840.0000000000027,1.0
biased,100,0.4,0.1,4.0,1.2,0.0,50,50,448,theorem,0.7,0.05,159.9999999999973,1000.0,840.0000000000027,1.0
biased,100,0.4,0.1,4.0,1.2,0.0,50,50,449,theorem,0.7,0.05,159.9999999999973,1000.0,840.0000000000027,1.0
degroot,100,0.8,0.1,8.0,0.0,0.0,50,50,450,theorem,0.7,0.05,159.9999999999973,1.9483772095921714e-09,-159.99999999804893,1.3958428329297057e-06
degroot,100,0.8,0.1,8.0,0.0,0.0,50,50,451,theorem,0.7,0.05,159.9999999999973,1.9483772095921714e-09,-159.99999999804893,1.3958428329297057e-06
degroot,100,0.8,0.1,8.0,0.0,0.0,50,50,452,theorem,0.7,0.05,159.9999999999973,1.9483772095921714e-09,-159.99999999804893,1.3958428329297057e-06
degroot,100,0.8,0.1,8.0,0.0,0.0,50,50,453,theorem,0.7,0.05,159.9999999999973,1.9483772095921714e-09,-159.99999999804893,1.3958428329297057e-06
degroot,100,0.8,0.1,8.0,0.0,0.0,50,50,454,theorem,0.7,0.05,159.9999999999973,1.9483772095921714e-09,-159.99999999804893,1.3958428329297057e-06
degroot,100,0.8,0.1,8.0,0.0,0.0,50,50,455,theorem,0.7,0.05,159.9999999999973,1.9483772095921714e-09,-159.99999999804893,1.3958428329297057e-06
degroot,100,0.8,0.1,8.0,0.0,0.0,50,50,456,theorem,0.7,0.05,159.9999999999973,1.9483772095921714e-09,-159.99999999804893,1.3958428329297057e-06
degroot,100,0.8,0.1,8.0,0.0,0.0,50,50,457,theorem,0.7,0.05,159.9999999999973,1.9483772095921714e-09,-159.99999999804893,1.3958428329297057e-06
degroot,100,0.8,0.1,8.0,0.0,0.0,50,50,458,theorem,0.7,0.05,159.9999999999973,1.9483772095921714e-09,-159.99999999804893,1.3958428329297057e-06
degroot,100,0.8,0.1,8.0,0.0,0.0,50,50,459,theorem,0.7,0.05,159.9999999999973,1.9483772095921714e-09,-159.99999999804893,1.3958428329297057e-06
degroot,100,0.8,0.1,8.0,0.0,0.0,50,50,460,theorem,0.7,0.05,159.9999999999973,1.9483772095921714e-09,-159.99999999804893,1.3958428329297057e-06
degroot,100,0.8,0.1,8.0,0.0,0.0,50,50,461,theorem,0.7,0.05,159.9999999999973,1.9483772095921714e-09,-159.99999999804893,1.3958428329297057e-06
degroot,100,0.8,0.1,8.0,0.0,0.0,50,50,462,theorem,0.7,0.05,159.9999999999973,1.9483772095921714e-09,-159.99999999804893,1.3958428329297057e-06
degroot,100,0.8,0.1,8.0,0.0,0.0,50,50,463,theorem,0.7,0.05,159.9999999999973,1.9483772095921714e-09,-159.99999999804893,1.3958428329297057e-06
degroot,100,0.8,0.1,8.0,0.0,0.0,50,50,464,theorem,0.7,0.05,159.9999999999973,1.9483772095921714e-09,-159.99999999804893,1.3958428329297057e-06
degroot,100,0.8,0.1,8.0,0.0,0.0,50,50,465,theorem,0.7,0.05,159.9999999999973,1.9483772095921714e-09,-159.99999999804893,1.3958428329297057e-06
degroot,100,0.8,0.1,8.0,0.0,0.0,50,50,466,theorem,0.7,0.05,159.9999999999973,1.9483772095921714e-09,-159.99999999804893,1.3958428329297057e-06
degroot,100,0.8,0.1,8.0,0.0,0.0,50,50,467,theorem,0.7,0.05,159.9999999999973,1.9483772095921714e-09,-159.99999999804893,1.3958428329297057e-06
degroot,100,0.8,0.1,8.0,0.0,0.0,50,50,468,theorem,0.7,0.05,159.9999999999973,1.9483772095921714e-09,-159.99999999804893,1.3958428329297057e-06
degroot,100,0.8,0.1,8.0,0.0,0.0,50,50,469,theorem,0.7,0.05,159.9999999999973,1.9483772095921714e-09,-159.99999999804893,1.3958428329297057e-06
degroot,100,0.8,0.1,8.0,0.0,0.0,50,50,470,theorem,0.7,0.05,159.9999999999973,1.9483772095921714e-09,-159.99999999804893,1.3958428329297057e-06
degroot,100,0.8,0.1,8.0,0.0,0.0,50,50,471,theorem,0.7,0.05,159.9999999999973,1.9483772095921714e-09,-159.99999999804893,1.3958428329297057e-06
degroot,100,0.8,0.1,8.0,0.0,0.0,50,50,472,theorem,0.7,0.05,159.9999999999973,1.9483772095921714e-09,-159.99999999804893,1.3958428329297057e-06
degroot,100,0.8,0.1,8.0,0.0,0.0,50,50,473,theorem,0.7,0.05,159.9999999999973,1.9483772095921714e-09,-159.99999999804893,1.3958428329297057e-06
degroot,100,0.8,0.1,8.0,0.0,0.0,50,50,474,theorem,0.7,0.05,159.9999999999973,1.9483772095921714e-09,-159.99999999804893,1.3958428329297057e-06
degroot,100,0.8,0.1,8.0,0.0,0.0,50,50,475,theorem,0.7,0.05,159.9999999999973,1.9483772095921714e-09,-159.99999999804893,1.3958428329297057e-06
degroot,100,0.8,0.1,8.0,0.0,0.0,50,50,476,theorem,0.7,0.05,159.9999999999973,1.9483772095921714e-09,-159.99999999804893,1.3958428329297057e-06
degroot,100,0.8,0.1,8.0,0.0,0.0,50,50,477,theorem,0.7,0.05,159.9999999999973,1.9483772095921714e-09,-159.99999999804893,1.3958428329297057e-06
degroot,100,0.8,0.1,8.0,0.0,0.0,50,50,478,theorem,0.7,0.05,159.9999999999973,1.9483772095921714e-09,-159.99999999804893,1.3958428329297057e-06
degroot,100,0.8,0.1,8.0,0.0,0.0,50,50,479,theorem,0.7,0.05,159.9999999999973,1.9483772095921714e-09,-159.99999999804893,1.3958428329297057e-06
biased,100,0.8,0.1,8.0,0.5,0.0,50,50,480,theorem,0.7,0.05,159.9999999999973,918.3673464551701,758.3673464551729,0.9583148472475872
biased,100,0.8,0.1,8.0,0.5,0.0,50,50,481,theorem,0.7,0.05,159.9999999999973,918.3673464551701,758.3673464551729,0.9583148472475872
biased,100,0.8,0.1,8.0,0.5,0.0,50,50,482,theorem,0.7,0.05,159.9999999999973,918.3673464551701,758.3673464551729,0.9583148472475872
biased,100,0.8,0.1,8.0,0.5,0.0,50,50,483,theorem,0.7,0.05,159.9999999999973,918.3673464551701,758.3673464551729,0.9583148472475872
biased,100,0.8,0.1,8.0,0.5,0.0,50,50,484,theorem,0.7,0.05,159.9999999999973,918.3673464551701,758.3673464551729,0.9583148472475872
biased,100,0.8,0.1,8.0,0.5,0.0,50,50,485,theorem,0.7,0.05,159.9999999999973,918.3673464551701,758.3673464551729,0.9583148472475872
biased,100,0.8,0.1,8.0,0.5,0.0,50,50,486,theorem,0.7,0.05,159.9999999999973,918.3673464551701,758.3673464551729,0.9583148472475872
biased,100,0.8,0.1,8.0,0.5,0.0,50,50,487,theorem,0.7,0.05,159.9999999999973,918.3673464551701,758.3673464551729,0.9583148472475872
biased,100,0.8,0.1,8.0,0.5,0.0,50,50,488,theorem,0.7,0.05,159.9999999999973,918.3673464551701,758.3673464551729,0.9583148472475872
biased,100,0.8,0.1,8.0,0.5,0.0,50,50,489,theorem,0.7,0.05,159.9999999999973,918.3673464551701,758.3673464551729,0.9583148472475872
biased,100,0.8,0.1,8.0,0.5,0.0,50,50,490,theorem,0.7,0.05,159.9999999999973,918.3673464551701,758.3673464551729,0.9583148472475872
biased,100,0.8,0.1,8.0,0.5,0.0,50,50,491,theorem,0.7,0.05,159.9999999999973,918.3673464551701,758.3673464551729,0.9583148472475872
biased,100,0.8,0.1,8.0,0.5,0.0,50,50,492,theorem,0.7,0.05,159.9999999999973,918.3673464551701,758.3673464551729,0.9583148472475872
biased,100,0.8,0.1,8.0,0.5,0.0,50,50,493,theorem,0.7,0.05,159.9999999999973,918.3673464551701,758.3673464551729,0.9583148472475872
biased,100,0.8,0.1,8.0,0.5,0.0,50,50,494,theorem,0.7,0.05,159.9999999999973,918.3673464551701,758.3673464551729,0.9583148472475872
biased,100,0.8,0.1,8.0,0.5,0.0,50,50,495,theorem,0.7,0.05,159.9999999999973,918.3673464551701,758.3673464551729,0.9583148472475872
biased,100,0.8,0.1,8.0,0.5,0.0,50,50,496,theorem,0.7,0.05,159.9999999999973,918.3673464551701,758.3673464551729,0.9583148472475872
biased,100,0.8,0.1,8.0,0.5,0.0,50,50,497,theorem,0.7,0.05,159.9999999999973,918.3673464551701,758.3673464551729,0.9583148472475872
biased,100,0.8,0.1,8.0,0.5,0.0,50,50,498,theorem,0.7,0.05,159.9999999999973,918.3673464551701,758.3673464551729,0.9583148472475872
biased,100,0.8,0.1,8.0,0.5,0.0,50,50,499,theorem,0.7,0.05,159.9999999999973,918.3673464551701,758.3673464551729,0.9583148472475872
biased,100,0.8,0.1,8.0,0.5,0.0,50,50,500,theorem,0.7,0.05,159.9999999999973,918.3673464551701,758.3673464551729,0.9583148472475872
biased,100,0.8,0.1,8.0,0.5,0.0,50,50,501,theorem,0.7,0.05,159.9999999999973,918.3673464551701,758.3673464551729,0.9583148472475872
biased,100,0.8,0.1,8.0,0.5,0.0,50,50,502,theorem,0.7,0.05,159.9999999999973,918.3673464551701,758.3673464551729,0.9583148472475872
biased,100,0.8,0.1,8.0,0.5,0.0,50,50,503,theorem,0.7,0.05,159.9999999999973,918.3673464551701,758.3673464551729,0.9583148472475872
biased,100,0.8,0.1,8.0,0.5,0.0,50,50,504,theorem,0.7,0.05,159.9999999999973,918.3673464551701,758.3673464551729,0.9583148472475872
biased,100,0.8,0.1,8.0,0.5,0.0,50,50,505,theorem,0.7,0.05,159.9999999999973,918.3673464551701,758.3673464551729,0.9583148472475872
biased,100,0.8,0.1,8.0,0.5,0.0,50,50,506,theorem,0.7,0.05,159.9999999999973,918.3673464551701,758.3673464551729,0.9583148472475872
biased,100,0.8,0.1,8.0,0.5,0.0,50,50,507,theorem,0.7,0.05,159.9999999999973,918.3673464551701,758.3673464551729,0.9583148472475872
biased,100,0.8,0.1,8.0,0.5,0.0,50,50,508,theorem,0.7,0.05,159.9999999999973,918.3673464551701,758.3673464551729,0.9583148472475872
biased,100,0.8,0.1,8.0,0.5,0.0,50,50,509,theorem,0.7,0.05,159.9999999999973,918.3673464551701,758.3673464551729,0.9583148472475872
biased,100,0.8,0.1,8.0,0.8,0.0,50,50,510,theorem,0.7,0.05,159.9999999999973,999.8777620889091,839.8777620889118,0.9999388791765857
biased,100,0.8,0.1,8.0,0.8,0.0,50,50,511,theorem,0.7,0.05,159.9999999999973,999.8777620889091,839.8777620889118,0.9999388791765857
biased,100,0.8,0.1,8.0,0.8,0.0,50,50,512,theorem,0.7,0.05,159.9999999999973,999.8777620889091,839.8777620889118,0.9999388791765857
biased,100,0.8,0.1,8.0,0.8,0.0,50,50,513,theorem,0.7,0.05,159.9999999999973,999.8777620889091,839.8777620889118,0.9999388791765857
biased,100,0.8,0.1,8.0,0.8,0.0,50,50,514,theorem,0.7,0.05,159.9999999999973,999.8777620889091,839.8777620889118,0.9999388791765857
biased,100,0.8,0.1,8.0,0.8,0.0,50,50,515,theorem,0.7,0.05,159.9999999999973,999.8777620889091,839.8777620889118,0.9999388791765857
biased,100,0.8,0.1,8.0,0.8,0.0,50,50,516,theorem,0.7,0.05,159.9999999999973,999.8777620889091,839.8777620889118,0.9999388791765857
biased,100,0.8,0.1,8.0,0.8,0.0,50,50,517,theorem,0.7,0.05,159.9999999999973,999.8777620889091,839.8777620889118,0.9999388791765857
biased,100,0.8,0.1,8.0,0.8,0.0,50,50,518,theorem,0.7,0.05,159.9999999999973,999.8777620889091,839.8777620889118,0.9999388791765857
biased,100,0.8,0.1,8.0,0.8,0.0,50,50,519,theorem,0.7,0.05,159.9999999999973,999.8777620889091,839.8777620889118,0.9999388791765857
biased,100,0.8,0.1,8.0,0.8,0.0,50,50,520,theorem,0.7,0.05,159.9999999999973,999.8777620889091,839.8777620889118,0.9999388791765857
biased,100,0.8,0.1,8.0,0.8,0.0,50,50,521,theorem,0.7,0.05,159.9999999999973,999.8777620889091,839.8777620889118,0.9999388791765857
biased,100,0.8,0.1,8.0,0.8,0.0,50,50,522,theorem,0.7,0.05,159.9999999999973,999.8777620889091,839.8777620889118,0.9999388791765857
biased,100,0.8,0.1,8.0,0.8,0.0,50,50,523,theorem,0.7,0.05,159.9999999999973,999.8777620889091,839.8777620889118,0.9999388791765857
biased,100,0.8,0.1,8.0,0.8,0.0,50,50,524,theorem,0.7,0.05,159.9999999999973,999.8777620889091,839.8777620889118,0.9999388791765857
biased,100,0.8,0.1,8.0,0.8,0.0,50,50,525,theorem,0.7,0.05,159.9999999999973,999.8777620889091,839.8777620889118,0.9999388791765857
biased,100,0.8,0.1,8.0,0.8,0.0,50,50,526,theorem,0.7,0.05,159.9999999999973,999.8777620889091,839.8777620889118,0.9999388791765857
biased,100,0.8,0.1,8.0,0.8,0.0,50,50,527,theorem,0.7,0.05,159.9999999999973,999.8777620889091,839.8777620889118,0.9999388791765857
biased,100,0.8,0.1,8.0,0.8,0.0,50,50,528,theorem,0.7,0.05,159.9999999999973,999.8777620889091,839.8777620889118,0.9999388791765857
biased,100,0.8,0.1,8.0,0.8,0.0,50,50,529,theorem,0.7,0.05,159.9999999999973,999.8777620889091,839.8777620889118,0.9999388791765857
biased,100,0.8,0.1,8.0,0.8,0.0,50,50,530,theorem,0.7,0.05,159.9999999999973,999.8777620889091,839.8777620889118,0.9999388791765857
biased,100,0.8,0.1,8.0,0.8,0.0,50,50,531,theorem,0.7,0.05,159.9999999999973,999.8777620889091,839.8777620889118,0.9999388791765857
biased,100,0.8,0.1,8.0,0.8,0.0,50,50,532,theorem,0.7,0.05,159.9999999999973,999.8777620889091,839.8777620889118,0.9999388791765857
biased,100,0.8,0.1,8.0,0.8,0.0,50,50,533,theorem,0.7,0.05,159.9999999999973,999.8777620889091,839.8777620889118,0.9999388791765857
biased,100,0.8,0.1,8.0,0.8,0.0,50,50,534,theorem,0.7,0.05,159.9999999999973,999.8777620889091,839.8777620889118,0.9999388791765857
biased,100,0.8,0.1,8.0,0.8,0.0,50,50,535,theorem,0.7,0.05,159.9999999999973,999.8777620889091,839.8777620889118,0.9999388791765857
biased,100,0.8,0.1,8.0,0.8,0.0,50,50,536,theorem,0.7,0.05,159.9999999999973,999.8777620889091,839.8777620889118,0.9999388791765857
biased,100,0.8,0.1,8.0,0.8,0.0,50,50,537,theorem,0.7,0.05,159.9999999999973,999.8777620889091,839.8777620889118,0.9999388791765857
biased,100,0.8,0.1,8.0,0.8,0.0,50,50,538,theorem,0.7,0.05,159.9999999999973,999.8777620889091,839.8777620889118,0.9999388791765857
biased,100,0.8,0.1,8.0,0.8,0.0,50,50,539,theorem,0.7,0.05,159.9999999999973,999.8777620889091,839.8777620889118,0.9999388791765857
biased,100,0.8,0.1,8.0,1.0,0.0,50,50,540,theorem,0.7,0.05,159.9999999999973,1000.0,840.0000000000027,1.0
biased,100,0.8,0.1,8.0,1.0,0.0,50,50,541,theorem,0.7,0.05,159.9999999999973,1000.0,840.0000000000027,1.0
biased,100,0.8,0.1,8.0,1.0,0.0,50,50,542,theorem,0.7,0.05,159.9999999999973,1000.0,840.0000000000027,1.0
biased,100,0.8,0.1,8.0,1.0,0.0,50,50,543,theorem,0.7,0.05,159.9999999999973,1000.0,840.0000000000027,1.0
biased,100,0.8,0.1,8.0,1.0,0.0,50,50,544,theorem,0.7,0.05,159.9999999999973,1000.0,840.0000000000027,1.0
biased,100,0.8,0.1,8.0,1.0,0.0,50,50,545,theorem,0.7,0.05,159.9999999999973,1000.0,840.0000000000027,1.0
biased,100,0.8,0.1,8.0,1.0,0.0,50,50,546,theorem,0.7,0.05,159.9999999999973,1000.0,840.0000000000027,1.0
biased,100,0.8,0.1,8.0,1.0,0.0,50,50,547,theorem,0.7,0.05,159.9999999999973,1000.0,840.0000000000027,1.0
biased,100,0.8,0.1,8.0,1.0,0.0,50,50,548,theorem,0.7,0.05,159.9999999999973,1000.0,840.0000000000027,1.0
biased,100,0.8,0.1,8.0,1.0,0.0,50,50,549,theorem,0.7,0.05,159.9999999999973,1000.0,840.0000000000027,1.0
biased,100,0.8,0.1,8.0,1.0,0.0,50,50,550,theorem,0.7,0.05,159.9999999999973,1000.0,840.0000000000027,1.0
biased,100,0.8,0.1,8.0,1.0,0.0,50,50,551,theorem,0.7,0.05,159.9999999999973,1000.0,840.0000000000027,1.0
biased,100,0.8,0.1,8.0,1.0,0.0,50,50,552,theorem,0.7,0.05,159.9999999999973,1000.0,840.0000000000027,1.0
biased,100,0.8,0.1,8.0,1.0,0.0,50,50,553,theorem,0.7,0.05,159.9999999999973,1000.0,840.0000000000027,1.0
biased,100,0.8,0.1,8.0,1.0,0.0,50,50,554,theorem,0.7,0.05,159.9999999999973,1000.0,840.0000000000027,1.0
biased,100,0.8,0.1,8.0,1.0,0.0,50,50,555,theorem,0.7,0.05,159.9999999999973,1000.0,840.0000000000027,1.0
biased,100,0.8,0.1,8.0,1.0,0.0,50,50,556,theorem,0.7,0.05,159.9999999999973,1000.0,840.0000000000027,1.0
biased,100,0.8,0.1,8.0,1.0,0.0,50,50,557,theorem,0.7,0.05,159.9999999999973,1000.0,840.0000000000027,1.0
biased,100,0.8,0.1,8.0,1.0,0.0,50,50,558,theorem,0.7,0.05,159.9999999999973,1000.0,840.0000000000027,1.0
biased,100,0.8,0.1,8.0,1.0,0.0,50,50,559,theorem,0.7,0.05,159.9999999999973,1000.0,840.0000000000027,1.0
biased,100,0.8,0.1,8.0,1.0,0.0,50,50,560,theorem,0.7,0.05,159.9999999999973,1000.0,840.0000000000027,1.0
biased,100,0.8,0.1,8.0,1.0,0.0,50,50,561,theorem,0.7,0.05,159.9999999999973,1000.0,840.0000000000027,1.0
biased,100,0.8,0.1,8.0,1.0,0.0,50,50,562,theorem,0.7,0.05,159.9999999999973,1000.0,840.0000000000027,1.0
biased,100,0.8,0.1,8.0,1.0,0.0,50,50,563,theorem,0.7,0.05,159.9999999999973,1000.0,840.0000000000027,1.0
biased,100,0.8,0.1,8.0,1.0,0.0,50,50,564,theorem,0.7,0.05,159.9999999999973,1000.0,840.0000000000027,1.0
biased,100,0.8,0.1,8.0,1.0,0.0,50,50,565,theorem,0.7,0.05,159.9999999999973,1000.0,840.0000000000027,1.0
biased,100,0.8,0.1,8.0,1.0,0.0,50,50,566,theorem,0.7,0.05,159.9999999999973,1000.0,840.0000000000027,1.0
biased,100,0.8,0.1,8.0,1.0,0.0,50,50,567,theorem,0.7,0.05,159.9999999999973,1000.0,840.0000000000027,1.0
biased,100,0.8,0.1,8.0,1.0,0.0,50,50,568,theorem,0.7,0.05,159.9999999999973,1000.0,840.0000000000027,1.0
biased,100,0.8,0.1,8.0,1.0,0.0,50,50,569,theorem,0.7,0.05,159.9999999999973,1000.0,840.0000000000027,1.0
biased,100,0.8,0.1,8.0,1.2,0.0,50,50,570,theorem,0.7,0.05,159.9999999999973,1000.0,840.0000000000027,1.0
biased,100,0.8,0.1,8.0,1.2,0.0,50,50,571,theorem,0.7,0.05,159.9999999999973,1000.0,840.0000000000027,1.0
biased,100,0.8,0.1,8.0,1.2,0.0,50,50,572,theorem,0.7,0.05,159.9999999999973,1000.0,840.0000000000027,1.0
biased,100,0.8,0.1,8.0,1.2,0.0,50,50,573,theorem,0.7,0.05,159.9999999999973,1000.0,840.0000000000027,1.0
biased,100,0.8,0.1,8.0,1.2,0.0,50,50,574,theorem,0.7,0.05,159.9999999999973,1000.0,840.0000000000027,1.0
biased,100,0.8,0.1,8.0,1.2,0.0,50,50,575,theorem,0.7,0.05,159.9999999999973,1000.0,840.0000000000027,1.0
biased,100,0.8,0.1,8.0,1.2,0.0,50,50,576,theorem,0.7,0.05,159.9999999999973,1000.0,840.0000000000027,1.0
biased,100,0.8,0.1,8.0,1.2,0.0,50,50,577,theorem,0.7,0.05,159.9999999999973,1000.0,840.0000000000027,1.0
biased,100,0.8,0.1,8.0,1.2,0.0,50,50,578,theorem,0.7,0.05,159.9999999999973,1000.0,840.0000000000027,1.0
biased,100,0.8,0.1,8.0,1.2,0.0,50,50,579,theorem,0.7,0.05,159.9999999999973,1000.0,840.0000000000027,1.0
biased,100,0.8,0.1,8.0,1.2,0.0,50,50,580,theorem,0.7,0.05,159.9999999999973,1000.0,840.0000000000027,1.0
biased,100,0.8,0.1,8.0,1.2,0.0,50,50,581,theorem,0.7,0.05,159.9999999999973,1000.0,840.0000000000027,1.0
biased,100,0.8,0.1,8.0,1.2,0.0,50,50,582,theorem,0.7,0.05,159.9999999999973,1000.0,840.0000000000027,1.0
biased,100,0.8,0.1,8.0,1.2,0.0,50,50,583,theorem,0.7,0.05,159.9999999999973,1000.0,840.0000000000027,1.0
biased,100,0.8,0.1,8.0,1.2,0.0,50,50,584,theorem,0.7,0.05,159.9999999999973,1000.0,840.0000000000027,1.0
biased,100,0.8,0.1,8.0,1.2,0.0,50,50,585,theorem,0.7,0.05,159.9999999999973,1000.0,840.0000000000027,1.0
biased,100,0.8,0.1,8.0,1.2,0.0,50,50,586,theorem,0.7,0.05,159.9999999999973,1000.0,840.0000000000027,1.0
biased,100,0.8,0.1,8.0,1.2,0.0,50,50,587,theorem,0.7,0.05,159.9999999999973,1000.0,840.0000000000027,1.0
biased,100,0.8,0.1,8.0,1.2,0.0,50,50,588,theorem,0.7,0.05,159.9999999999973,1000.0,840.0000000000027,1.0
biased,100,0.8,0.1,8.0,1.2,0.0,50,50,589,theorem,0.7,0.05,159.9999999999973,1000.0,840.0000000000027,1.0
biased,100,0.8,0.1,8.0,1.2,0.0,50,50,590,theorem,0.7,0.05,159.9999999999973,1000.0,840.0000000000027,1.0
biased,100,0.8,0.1,8.0,1.2,0.0,50,50,591,theorem,0.7,0.05,159.9999999999973,1000.0,840.0000000000027,1.0
biased,100,0.8,0.1,8.0,1.2,0.0,50,50,592,theorem,0.7,0.05,159.9999999999973,1000.0,840.0000000000027,1.0
biased,100,0.8,0.1,8.0,1.2,0.0,50,50,593,theorem,0.7,0.05,159.9999999999973,1000.0,840.0000000000027,1.0
biased,100,0.8,0.1,8.0,1.2,0.0,50,50,594,theorem,0.7,0.05,159.9999999999973,1000.0,840.0000000000027,1.0
biased,100,0.8,0.1,8.0,1.2,0.0,50,50,595,theorem,0.7,0.05,159.9999999999973,1000.0,840.0000000000027,1.0
biased,100,0.8,0.1,8.0,1.2,0.0,50,50,596,theorem,0.7,0.05,159.9999999999973,1000.0,840.0000000000027,1.0
biased,100,0.8,0.1,8.0,1.2,0.0,50,50,597,theorem,0.7,0.05,159.9999999999973,1000.0,840.0000000000027,1.0
biased,100,0.8,0.1,8.0,1.2,0.0,50,50,598,theorem,0.7,0.05,159.9999999999973,1000.0,840.0000000000027,1.0
biased,100,0.8,0.1,8.0,1.2,0.0,50,50,599,theorem,0.7,0.05,159.9999999999973,1000.0,840.0000000000027,1.0
